feature_set,model,cv_rmse,cv_rmse_std,cv_mae,cv_mae_std,cv_pearson,cv_spearman,primary_score
wavlm_layer_09,SVR_RBF,0.5410609585283394,0.004041205886712941,0.4043758644851296,0.0037833523278172484,0.9001726425469004,0.8523362131561529,0.4043758644851296
wavlm_layer_10,SVR_RBF,0.5399492500491408,5.7303691715676006e-05,0.4077772850842382,0.0020592097675255425,0.9006097477324992,0.8543664247743754,0.4077772850842382
wavlm_layer_07,SVR_RBF,0.5464365810659548,0.0022853226140562783,0.4081683364599085,0.00121808905875948,0.8979776805685998,0.8503880279376542,0.4081683364599085
wavlm_layer_08,SVR_RBF,0.559730103671209,0.0022408107099407383,0.41931488046302173,0.005184555076157601,0.8925035097601516,0.8416894404668896,0.41931488046302173
wavlm_layer_11,SVR_RBF,0.5535269491734319,0.0010367673930985566,0.4197370032075772,0.0018260128966900537,0.8952358599830575,0.8459237045490157,0.4197370032075772
wavlm_layer_06,SVR_RBF,0.5660541336135626,0.0010043859504207402,0.421703984964472,0.0020681806018907796,0.889957247650578,0.8381291057608427,0.421703984964472
wavlm_layer_10,RidgeCV,0.5629659462124235,0.0028356305753610336,0.42401586226462995,0.0021425610581161303,0.8910154703419814,0.8439666870733616,0.42401586226462995
wavlm_layer_07,RidgeCV,0.5680040533431867,0.004819391696308247,0.42401848678470117,0.0022694788788324947,0.8887568251483161,0.8385194794934753,0.42401848678470117
wavlm_layer_05,SVR_RBF,0.572370582493931,0.0036259465513487853,0.4255064330694485,0.004165525031138448,0.8872980363081909,0.8323253317012851,0.4255064330694485
wavlm_layer_09,RidgeCV,0.5731132709969056,0.004874987214691882,0.42601378801799794,0.003826497154384437,0.886584511357294,0.8375875273430803,0.42601378801799794
wavlm_layer_08,RidgeCV,0.5725123882321226,0.0021568122284522087,0.42619009037450434,0.0022178736433249376,0.8869676592536987,0.8331270770790824,0.42619009037450434
acoustic+language+wavlm_last_mean_std,SVR_RBF,0.5595323585464711,0.0043200075127564404,0.42771283995115006,0.001639898108583312,0.8932591566462845,0.8489556956351838,0.42771283995115006
acoustic+language+wavlm_last_mean_std,RidgeCV,0.561968751224116,0.005121762617010792,0.42811645144041915,0.0027592732764697096,0.8915221654425661,0.8437811995613878,0.42811645144041915
wavlm_layer_11,RidgeCV,0.5719335239954554,0.003839668952401269,0.4315920201014671,0.002082537314879521,0.8872170579386571,0.8359815587666031,0.4315920201014671
wavlm_last_mean_std,SVR_RBF,0.5736382745885497,0.0012322741393854426,0.4363521458694379,0.003832056323373007,0.8867224867091936,0.8353069003080242,0.4363521458694379
wavlm_layer_12,SVR_RBF,0.5736382745885497,0.0012322741393854426,0.4363521458694379,0.003832056323373007,0.8867224867091936,0.8353069003080242,0.4363521458694379
wavlm_layer_04,SVR_RBF,0.5909558057087537,0.003911158846337749,0.44122502099089345,0.003536096066611134,0.8792402864844148,0.8239164101003968,0.44122502099089345
wavlm_layer_06,RidgeCV,0.5899257083146026,0.004570142768656447,0.4432302652818488,0.002321724467599964,0.8793612204582786,0.8210513865106522,0.4432302652818488
wavlm_last_mean_std,RidgeCV,0.5839206634667948,0.0028288170734617744,0.44358323849486303,0.002414961144428816,0.8823449487134756,0.8290266494285592,0.44358323849486303
wavlm_layer_12,RidgeCV,0.5839206634667948,0.0028288170734617744,0.44358323849486303,0.002414961144428816,0.8823449487134756,0.8290266494285592,0.44358323849486303
wavlm_layer_05,RidgeCV,0.5979988753925558,0.005252222845635498,0.44840990060573566,0.001726866571344301,0.8757090897270992,0.8163053306955091,0.44840990060573566
wavlm_layer_03,SVR_RBF,0.6067409711082649,0.009692966341381701,0.4558546770135938,0.007735894501411612,0.8722681872258438,0.8138627853766045,0.4558546770135938
acoustic+language+wavlm_last_mean_std,LightGBM_L2,0.597849801502362,0.004192195692636043,0.45647966724877026,0.0046464155873860635,0.8768571395711601,0.8235555522325807,0.45647966724877026
acoustic+language+wavlm_last_mean_std,LightGBM_Huber,0.6001992088745809,0.003552130432235508,0.45758315665246113,0.003826313058202782,0.8758289333894713,0.820196469339933,0.45758315665246113
wavlm_layer_02,SVR_RBF,0.6181041586387127,0.011518902715275035,0.4669545541152465,0.010174822360787133,0.8672947807493786,0.8030174515337783,0.4669545541152465
wavlm_layer_04,RidgeCV,0.6264095567988557,0.00559687048739033,0.47121136412507975,0.0038239857335140037,0.8626212844750162,0.8043102976501407,0.47121136412507975
acoustic+language+wavlm_last_mean_std,LightGBM_L1,0.6120826189867357,0.004620398377132293,0.47361449997415234,0.003647476991462695,0.8712450548500114,0.8124363556735473,0.47361449997415234
wavlm_layer_01,SVR_RBF,0.6307942003886126,0.016113604285834013,0.47476747345484877,0.009976277203555558,0.8609067011887249,0.7903634867134853,0.47476747345484877
wavlm_layer_00,SVR_RBF,0.6484069500920483,0.013794635307495492,0.48100788550535284,0.00985996911610866,0.8519338616758647,0.7750180955905145,0.48100788550535284
acoustic+language+wavlm_last_mean_std,OrdinalForestMedian,0.6794858409897783,0.01241833837720176,0.4889466840052015,0.01216403571773063,0.8361014120315237,0.7571723375647091,0.4889466840052015
wavlm_layer_03,RidgeCV,0.6458266856260702,0.0019740112791533054,0.48938781088074584,0.002935922996001159,0.8533596493005934,0.7938782124197262,0.48938781088074584
wavlm_layer_02,RidgeCV,0.6476705793007402,0.016123886830252104,0.49254143501196795,0.012236479720201964,0.8524066991153996,0.7889614503938325,0.49254143501196795
acoustic+language,LightGBM_Huber,0.6604602861464878,0.0030521766431963067,0.5132745026251814,0.00259453162195172,0.8461842648995311,0.7788875856265234,0.5132745026251814
acoustic+language,LightGBM_L2,0.6607115262958468,0.002199046297648753,0.513439574074131,0.004143573102210967,0.8460468118372882,0.7791646248402663,0.513439574074131
wavlm_layer_01,RidgeCV,0.6878152942186517,0.018820723675844423,0.5181770856323942,0.01058142772001113,0.8322618657975466,0.7649748584086713,0.5181770856323942
acoustic+language,LightGBM_L1,0.6777710350994987,0.002853096343910316,0.5296014006657407,0.0030064686688401274,0.8378541109694506,0.7680884632625737,0.5296014006657407
wavlm_layer_00,RidgeCV,0.7354716691944733,0.02106924580575937,0.5551925104650189,0.01119590428762323,0.8059318616697836,0.720471646075219,0.5551925104650189
acoustic,LightGBM_L2,0.7757065375388801,0.005276522906700533,0.6182038046115695,0.0029938225334995255,0.779511710138693,0.6695846851525431,0.6182038046115695
