filename,label,outer_single,outer_weighted_mean,outer_median,outer_calibrated_mean,outer_round_half
audio_192.wav,3.0,3.311262889840132,3.341085567183071,3.311262889840132,3.328325239104215,3.5
audio_436.wav,3.0,3.005309892752424,2.7400681672481233,3.005309892752424,2.7151684905269353,2.5
audio_447.wav,3.5,3.516684134605349,3.4441300918676125,3.494928885466245,3.465545645469828,3.5
audio_126.wav,2.0,2.542566205912236,2.4589405178948454,2.3753148298774547,2.4304875441985687,2.5
audio_61.wav,2.0,2.448714907543248,2.685317367531601,2.541198466319998,2.656813362529243,2.5
audio_639.wav,2.5,2.4944474638597285,2.4328858577689236,2.4121883199423966,2.386916231756022,2.5
audio_703.wav,2.0,2.773598911181494,2.5040925495676998,2.4466717360374237,2.477902853356546,2.5
audio_509.wav,3.0,3.319446259769645,3.3902478135512943,3.4359047592970082,3.4084772759691266,3.5
audio_672.wav,4.0,3.691558778409621,3.6165704595871992,3.554652568603879,3.621372927800521,3.5
audio_344.wav,4.0,4.1484738399378855,4.126711820943394,4.104949801948903,4.193097001480842,4.0
audio_592.wav,5.0,4.473453061964891,4.489993281067271,4.473453061964891,4.552946914062412,4.5
audio_705.wav,3.0,3.131362307727181,2.997515438126592,3.131362307727181,2.996058912781617,3.0
audio_497.wav,2.0,2.5945942354057454,2.550713470015837,2.552429128348966,2.5317118298175614,2.5
audio_702.wav,3.0,2.7860229815544475,2.9555175340313524,2.8814978582639954,2.944801216272548,3.0
audio_598.wav,2.0,2.5983624012715874,2.544577348825665,2.5957679058564147,2.506808214686552,2.5
audio_99.wav,3.5,2.6340942665838902,2.6889417667290307,2.7298737120739465,2.660676361429274,2.5
audio_194.wav,4.0,4.089876975209862,4.03635787765149,4.089876975209862,4.096794920904944,4.0
audio_5055.wav,0.0,0.4228397767177867,0.21141988835889336,0.4228397767177867,0.020055455836484465,0.0
audio_178.wav,3.0,2.2213345288344657,2.1634584232026484,2.1850947952235527,2.1269377869453723,2.0
audio_609.wav,5.0,4.117621820522703,4.265528016026694,4.19254038848466,4.313689203872094,4.5
audio_77.wav,4.0,3.668483236160178,3.706695763647752,3.7163579551866057,3.7153640001771437,3.5
audio_18.wav,4.0,2.9146656204700645,3.1547027400856953,2.96623330184764,3.1570990868923308,3.0
audio_9.wav,4.0,4.069527670049705,3.990133441601763,4.069527670049705,4.020145901019267,4.0
audio_138.wav,2.0,3.0065062630278123,2.8638709813466647,3.0065062630278123,2.819661820485751,3.0
audio_269.wav,4.0,3.34712646807574,3.3250853128524285,3.3030441576291167,3.341115410457171,3.5
audio_717.wav,4.5,4.054658840045972,3.9735430814299058,4.054658840045972,4.002462222498968,4.0
audio_529.wav,3.0,2.8289566542913445,2.9728693572311893,2.944236392290808,2.9729655890561992,3.0
audio_578.wav,4.0,4.146026663599891,4.1453080498449655,4.144589436090041,4.201385440017125,4.0
audio_171.wav,2.0,2.949603489936314,2.717904441697681,2.5158157286509817,2.702432217626332,2.5
audio_596.wav,3.0,3.9434214614899545,3.5987818674340337,3.6702182530081897,3.63041261750174,3.5
audio_5066.wav,0.0,0.0,0.018734849879461946,0.0,0.0,0.0
audio_501.wav,3.0,2.6116696782543483,2.790274095667909,2.8035471906008524,2.741214839651301,3.0
audio_8.wav,2.0,2.891274577532725,2.9678520196933897,2.891274577532725,2.9448288376397547,3.0
audio_84.wav,2.5,2.639778530890735,2.5140462492259195,2.5004322424707324,2.488355489241896,2.5
audio_11.wav,3.0,2.7830911155868905,2.7634096409006697,2.7647296828266867,2.7540301435515575,3.0
audio_142.wav,2.5,2.5813199351233513,2.759474677907611,2.871408879647667,2.746086191293457,3.0
audio_610.wav,5.0,4.341327425991447,4.514667283024181,4.550231664212143,4.589259065692205,4.5
audio_654.wav,3.0,3.5206715049079467,3.359923394642629,3.274350031630201,3.377529529080483,3.5
audio_170.wav,2.5,3.2715929817057594,3.41497321645733,3.424207268793917,3.434503563928741,3.5
audio_255.wav,4.5,3.7210834819647136,3.669785743111209,3.7210834819647136,3.7020272417269893,3.5
audio_162.wav,3.0,2.6860612681388196,2.7766099465861283,2.8671586250334373,2.7541158706852786,3.0
audio_5069.wav,0.0,0.18442645622556153,0.09221322811278077,0.0,0.0,0.0
audio_769.wav,3.0,3.9828663138089135,3.849501947967801,3.843602152089476,3.889256082326783,4.0
audio_720.wav,3.0,3.15250155365117,3.170633281284616,3.15250155365117,3.1563080490944895,3.0
audio_623.wav,3.0,2.888336242252495,2.9465639646048727,2.888336242252495,2.9425534606551014,3.0
audio_718.wav,4.5,4.527665312549043,4.329804938623459,4.403822176312557,4.391287456562376,4.5
audio_136.wav,3.5,0.9464034349763422,1.5734050637471308,2.104208374937735,1.5005639998277542,1.5
audio_119.wav,2.0,2.322894403802851,2.4762007157309056,2.322894403802851,2.4486129216445778,2.5
audio_542.wav,3.0,2.628869226812367,2.694033651500445,2.628869226812367,2.677364887207009,2.5
audio_5073.wav,0.0,0.0,0.012324274596202889,0.0,0.0,0.0
audio_322.wav,4.0,4.181268169992908,4.071313528050375,3.977859995861219,4.09562141002448,4.0
audio_5039.wav,0.0,1.1737645349378993,0.5868822674689497,0.9177970621005227,0.4790390450083317,0.5
audio_707.wav,3.0,3.1220496918972995,3.16878322756482,3.1220496918972995,3.1721065142425884,3.0
audio_148.wav,3.5,3.0354516284949336,3.2370739381214118,3.1139765533784645,3.2491224971,3.0
audio_316.wav,2.0,2.0328123685936985,1.9865961754103745,1.9964586724005013,1.9214837289450548,2.0
audio_647.wav,4.5,4.522837142267079,4.540434460936613,4.541443918954201,4.584864470182971,4.5
audio_286.wav,5.0,4.540472884797904,4.387651020685489,4.444678493729821,4.471214224962606,4.5
audio_92.wav,4.0,3.146949837414328,3.1719459997417854,3.1969421620692424,3.1810482418028982,3.0
audio_462.wav,3.5,3.8790457660503233,3.91662981684249,3.8790457660503233,3.961244549036328,4.0
audio_376.wav,5.0,4.646626847872859,4.64723334472201,4.646626847872859,4.696244306514746,4.5
audio_76.wav,4.0,3.4862974613446114,3.6265560743728362,3.766814687401061,3.6562243805082164,3.5
audio_105.wav,2.0,1.374655372379949,1.7939572228573462,1.7163888450511657,1.7321714917218003,2.0
audio_355.wav,3.0,2.6342887187734063,2.426472805992554,2.6342887187734063,2.401850653624578,2.5
audio_663.wav,3.0,2.7647277360220635,2.7815028356103215,2.7969468576674075,2.750486529105535,3.0
audio_767.wav,4.5,4.005962475375531,3.9950185818328716,4.005962475375531,4.016053924658973,4.0
audio_655.wav,5.0,4.830374296586835,4.7408082795029,4.830374296586835,4.826735539376069,4.5
audio_372.wav,5.0,4.893876338971408,4.801401384856552,4.893876338971408,4.884877067415376,5.0
audio_667.wav,5.0,4.777803026392454,4.844801921764384,4.823601634272628,4.90228724437446,5.0
audio_517.wav,2.5,2.242124571079344,2.3591098890442206,2.3076009104674142,2.3314403117653177,2.5
audio_765.wav,5.0,5.0,4.919388864520949,5.0,4.980073464438395,5.0
audio_38.wav,4.0,3.9650096798266237,3.79191599135343,3.9650096798266237,3.836261054061425,4.0
audio_371.wav,5.0,5.0,5.0,5.0,5.0,5.0
audio_507.wav,3.0,2.616579178945969,2.646386333848643,2.616579178945969,2.6317128296894796,2.5
audio_5056.wav,0.0,0.05159182385206673,0.04980180996072159,0.048011796069376445,0.0,0.0
audio_282.wav,5.0,4.754563156808026,4.349383178145574,4.153320348304733,4.411751394292565,4.5
audio_459.wav,3.0,3.4703105044607097,3.39731139367957,3.40928946715399,3.388256393702583,3.5
audio_303.wav,5.0,4.859629489153519,4.92981474457676,4.995483340122304,5.0,5.0
audio_297.wav,4.5,4.6621436952404665,4.515479365947668,4.559598254509809,4.590111854845925,4.5
audio_432.wav,3.5,2.975908307646755,3.01777408619893,3.0596398647511043,3.017333039900244,3.0
audio_454.wav,3.5,2.7174298395275014,2.8268800716920195,2.936330303856537,2.8076953544590846,3.0
audio_482.wav,2.0,2.863308830474477,3.1058889613991427,2.863308830474477,3.112002855073534,3.0
audio_484.wav,2.0,2.0639544521121977,2.3990006138363986,2.4142466178115822,2.3731356494506675,2.5
audio_757.wav,4.0,4.07254138449078,3.996855874652977,4.024250914630668,4.043276139982025,4.0
audio_773.wav,3.0,3.6276984438674535,3.5193169946413962,3.460987582046787,3.5440161409419173,3.5
audio_668.wav,5.0,4.920522055678102,4.933865484107107,4.947208912536113,5.0,5.0
audio_240.wav,5.0,4.065202219465364,4.330515265661277,4.065202219465364,4.382959166582476,4.5
audio_163.wav,2.0,2.8030801147015634,2.6249156294899585,2.5735921451709407,2.609270814077038,2.5
audio_659.wav,5.0,5.0,4.837655816823721,4.701341478641462,4.922112954737164,5.0
audio_532.wav,3.5,2.922283965348948,2.930433411879971,2.922283965348948,2.905805223662702,3.0
audio_464.wav,2.0,2.285391193853002,2.255406538354693,2.2254218828563843,2.171099071428921,2.5
audio_5.wav,2.5,3.322822935810893,3.376478605065067,3.322822935810893,3.3660507072241703,3.5
audio_231.wav,3.5,3.61783813086401,3.834593712726268,4.051349294588526,3.8736734147787057,4.0
audio_384.wav,5.0,4.7343019549019765,4.814032343490453,4.847167111935868,4.898340416587504,5.0
audio_54.wav,4.0,3.8423145218354495,3.793688525162332,3.8423145218354495,3.8107551033948317,4.0
audio_656.wav,5.0,4.687520367388229,4.561873459226043,4.436226551063857,4.638831484824851,4.5
audio_444.wav,3.0,3.146810877045019,3.3618301181995864,3.376079451391686,3.3504368730545306,3.5
audio_5062.wav,0.0,0.0,0.2378376125570627,0.0,0.020570697917682707,0.0
audio_312.wav,4.5,4.320925123917762,4.281209385498455,4.241493647079148,4.35776537530592,4.5
audio_120.wav,2.5,2.5891735473996063,2.7058918145037154,2.663899556143096,2.6716323046301698,2.5
audio_446.wav,3.0,3.225265117028017,3.1710411102323204,3.1429452060678194,3.1567333711562626,3.0
audio_546.wav,2.5,2.81866443318336,2.8419273915408914,2.865190349898423,2.8237332622220674,3.0
audio_430.wav,4.0,2.3240227768454718,2.3995141662629402,2.332349968234832,2.3521131195294958,2.5
audio_179.wav,2.0,2.3643963151429253,2.375583934097091,2.386771553051257,2.3266897068599515,2.5
audio_674.wav,4.0,3.6821355792359602,3.751262341199981,3.820389103164002,3.7929311123882252,4.0
audio_737.wav,3.5,3.509466040018696,3.2790018472133724,3.485840149312505,3.2929471790815303,3.5
audio_669.wav,3.0,2.961255720307939,3.04223945835764,3.1077758097254673,3.022406996229995,3.0
audio_540.wav,4.0,3.4390471171125294,3.3335647864050015,3.2280824556974737,3.349978486147334,3.5
audio_692.wav,4.0,3.245300280910733,3.3130047470762287,3.29416563368778,3.304786291526766,3.5
audio_572.wav,2.0,2.5611063414954534,2.577340062750161,2.5786110361924695,2.5375665488564976,2.5
audio_479.wav,2.0,3.500530008423472,3.2963749520449808,3.219417732750018,3.3098989709635993,3.5
audio_419.wav,3.0,2.529104954489523,2.67693310272689,2.801145660491954,2.647877148841431,2.5
audio_5037.wav,0.0,0.399385405361532,0.5607375061082733,0.471438231229347,0.3923691827803223,0.5
audio_433.wav,3.0,2.9857035679652366,2.899052545585093,2.906870995841707,2.8730783296354563,3.0
audio_405.wav,5.0,5.0,4.831987825629441,5.0,4.944802396475016,5.0
audio_267.wav,4.0,3.863855045766964,4.055520791764929,3.961390608181497,4.089842331211366,4.0
audio_358.wav,5.0,4.852823377582496,4.926411688791248,4.852823377582496,5.0,5.0
audio_331.wav,5.0,5.0,5.0,5.0,5.0,5.0
audio_487.wav,2.5,2.830773141082389,2.876966727953506,2.830773141082389,2.872724429401211,3.0
audio_494.wav,3.0,2.9885897294347856,2.925865836031097,2.9885897294347856,2.9131975019685967,3.0
audio_536.wav,2.5,2.977539007807592,2.781509388558366,2.6628252996174804,2.7692254073819385,3.0
audio_634.wav,4.0,2.8757743366272455,2.8418228450790677,2.8102208668416098,2.796160693946659,3.0
audio_317.wav,3.5,3.884022111882709,3.8943809301027708,3.884022111882709,3.9361653406779684,4.0
audio_5054.wav,0.0,0.2293850177158152,0.1146925088579076,0.10418719782310149,0.0,0.0
audio_723.wav,5.0,4.804869516458142,4.902434758229071,4.804869516458142,4.989822424817416,5.0
audio_155.wav,3.5,4.280159941869903,4.281954597006157,4.280159941869903,4.315297561623482,4.5
audio_410.wav,2.0,2.4742974846392674,2.5926009212966523,2.544700384066333,2.570847769744894,2.5
audio_251.wav,2.0,3.159923459968551,3.167562115537669,3.159923459968551,3.1433664496118,3.0
audio_779.wav,5.0,4.883887248547492,4.699421076358734,4.760400985582317,4.803508576805098,4.5
audio_382.wav,4.0,4.149443172727353,4.14253110977884,4.149443172727353,4.198469303868424,4.0
audio_559.wav,3.0,3.697630395194582,3.502258221751572,3.697630395194582,3.5001193038579927,3.5
audio_161.wav,3.0,2.852219961203387,2.7984152415111625,2.754466971379659,2.768124363270519,3.0
audio_535.wav,2.5,3.5675832073990197,3.6277302637618263,3.5675832073990197,3.6612667307162083,3.5
audio_363.wav,5.0,4.862303194110198,4.851326908911789,4.84035062371338,4.938092724471928,5.0
audio_5057.wav,0.0,0.24093506440567047,0.17996152928256715,0.11898799415946382,0.0,0.0
audio_660.wav,4.5,5.0,4.87926569142749,4.845969152571506,4.965605214697037,5.0
audio_293.wav,5.0,4.883265226958429,4.924889056029676,4.921477515109651,5.0,5.0
audio_74.wav,4.0,3.3422832033495125,3.2971686919615424,3.3422832033495125,3.288270976344643,3.5
audio_215.wav,4.0,3.9515861869491697,4.037599694587984,3.9515861869491697,4.088278127362633,4.0
audio_228.wav,3.0,2.9209902984080816,3.005641697710453,3.0063302450942935,2.9842394382320667,3.0
audio_602.wav,2.0,2.327118125515512,2.3464530547869336,2.327118125515512,2.2967760438756417,2.5
audio_396.wav,2.0,3.0210572209520397,3.3625620708173027,3.0609917156290036,3.378642112988025,3.5
audio_576.wav,2.0,2.6271559562754083,2.6923380767119136,2.714802689236445,2.657497202806745,2.5
audio_5040.wav,0.0,0.06707351951450091,0.39869773204033376,0.06707351951450091,0.21966208433773568,0.5
audio_198.wav,4.0,3.5575367616630578,3.5393950707321293,3.5325451932239185,3.5408872347403646,3.5
audio_600.wav,2.0,2.635743280374463,2.8082067305626106,2.6494868492042847,2.800853804703529,3.0
audio_710.wav,4.0,3.8402222630118623,3.935870648309117,3.8402222630118623,3.9623071451236402,4.0
audio_246.wav,3.0,3.745188990456385,3.784780825968352,3.745188990456385,3.821607047339309,4.0
audio_490.wav,2.5,1.9259485635621063,2.0448610335454074,2.144892647299791,1.9466784450909078,2.0
audio_657.wav,5.0,4.625183223183903,4.69273648378711,4.65880796407661,4.770637629092493,4.5
audio_688.wav,5.0,3.8672182537631326,3.977871882392135,3.870417076365742,4.023433332611248,4.0
audio_698.wav,5.0,4.977429563044549,4.988714781522274,5.0,5.0,5.0
audio_499.wav,2.5,2.430011807892075,2.4203526531863133,2.430011807892075,2.37384543714052,2.5
audio_463.wav,4.0,3.3136965684516224,3.0240060821029107,2.742851003611976,3.023877419001487,3.0
audio_604.wav,4.5,4.58787104848817,4.4393483316721865,4.430786561202279,4.5263148484308475,4.5
audio_97.wav,4.0,4.165690137813163,4.204287670875498,4.165690137813163,4.2633214562177955,4.0
audio_234.wav,3.0,3.4084712339500385,3.459884109497305,3.4263649520105135,3.457965788981512,3.5
audio_782.wav,5.0,4.834389032713009,4.892035695351462,4.834389032713009,4.985543336278208,5.0
audio_758.wav,4.0,3.788565962837729,3.4568093495279983,3.2627270064868146,3.4787984989214404,3.5
audio_727.wav,4.5,4.620732100951747,4.457859725470658,4.4740010382261435,4.52513530233695,4.5
audio_643.wav,4.0,2.9712659780899178,3.007351702630352,2.9712659780899178,3.0090078781620333,3.0
audio_261.wav,3.0,3.468858039323373,3.594664157514877,3.720470275706381,3.6231401335832154,3.5
audio_205.wav,4.0,3.9748496243000684,3.838349726810275,3.731258719758781,3.877599346844355,4.0
audio_128.wav,2.0,3.5655645862650687,3.6456937394224846,3.5655645862650687,3.6804127692560766,3.5
audio_650.wav,5.0,4.596568374574215,4.621767267696064,4.596568374574215,4.669685906364593,4.5
audio_35.wav,2.0,3.6324152696385914,3.520851865048974,3.6324152696385914,3.5473523647276006,3.5
audio_141.wav,3.0,3.4934010449364687,3.4522257353644967,3.478843275497164,3.4467896355641656,3.5
audio_260.wav,3.5,3.8307818413620494,3.9492279266568198,4.06767401195159,3.9954766621339415,4.0
audio_722.wav,5.0,4.849907882837092,4.924953941418546,4.873738958669904,5.0,5.0
audio_5047.wav,0.0,0.3906272730605336,0.1953136365302668,0.23192104021355986,0.0028889049935944267,0.0
audio_324.wav,5.0,5.0,5.0,5.0,5.0,5.0
audio_279.wav,5.0,4.842440071401621,4.921220035700811,4.932849923668216,5.0,5.0
audio_450.wav,3.0,3.3703399287316214,3.2352415315870067,3.1969431661342247,3.242939869331536,3.0
audio_32.wav,2.5,2.32628437793666,2.7393806907149845,2.381996136830678,2.714435756369728,2.5
audio_254.wav,3.5,3.1756562258231513,3.1563437982787166,3.1756562258231513,3.1414056435444384,3.0
audio_544.wav,2.0,2.500322676757121,2.3362556360801108,2.2819857289078365,2.3016529960124927,2.5
audio_176.wav,4.5,3.987374294155896,4.098586903227974,3.987374294155896,4.163120577726201,4.0
audio_301.wav,4.5,3.8194545547256036,3.9609157083802136,3.963487458804417,4.016386279076095,4.0
audio_213.wav,5.0,4.506347848056796,4.660201087898489,4.814054327740182,4.7366303673701236,4.5
audio_295.wav,5.0,4.861461031997381,4.880838915408722,4.861461031997381,4.939869982243339,5.0
audio_40.wav,3.0,3.810056798320781,3.8437202862762074,3.810056798320781,3.8832128645645243,4.0
audio_496.wav,2.5,2.6866841815231925,2.550672879394515,2.5506807256357638,2.5316694029207905,2.5
audio_45.wav,2.5,2.3808226066247173,2.505572258799844,2.630321910974971,2.484528479427659,2.5
audio_146.wav,3.0,3.333491689886607,3.5822761735632755,3.333491689886607,3.612820328740556,3.5
audio_415.wav,2.5,2.782541839835968,2.753107372526899,2.782541839835968,2.7432618117900422,3.0
audio_595.wav,3.0,3.670472436599577,3.4880434859135363,3.535880650290368,3.512384160176105,3.5
audio_783.wav,4.0,3.886532640915884,3.9239766830993963,3.886532640915884,3.9496293578470807,4.0
audio_673.wav,5.0,4.85075679077352,4.92537839538676,5.0,5.0,5.0
audio_48.wav,2.5,2.650489037372491,2.7004357236198127,2.650489037372491,2.6659421842082978,2.5
audio_777.wav,4.5,4.779998034965677,4.812504812603138,4.779998034965677,4.868604806835155,5.0
audio_330.wav,3.0,2.626055790318368,2.7272107331692412,2.8283656760201143,2.701464632039392,2.5
audio_200.wav,3.0,3.240087070484267,3.2921073469200053,3.3441276233557433,3.3035492476352624,3.5
audio_259.wav,4.0,3.165442926342654,3.100357625577881,3.0352723248131084,3.106221287651029,3.0
audio_721.wav,3.0,3.4784370891832923,3.516087348109023,3.4784370891832923,3.5165797678548074,3.5
audio_223.wav,5.0,5.0,5.0,5.0,5.0,5.0
audio_175.wav,4.0,4.211516286962692,4.258312264787165,4.298055524378736,4.290641132644841,4.5
audio_400.wav,4.0,4.311060798183624,4.323695732254956,4.336330666326289,4.3887149310293765,4.5
audio_506.wav,2.0,2.9683812507903538,3.0162464221862564,3.0501064993515214,3.0157288006497214,3.0
audio_153.wav,3.0,3.330173052465876,3.307935835313737,3.330173052465876,3.322039351673354,3.5
audio_5050.wav,0.0,0.0,0.14589416590851,0.0,0.0,0.0
audio_281.wav,4.5,4.955640466849821,4.977820233424911,4.955640466849821,5.0,5.0
audio_543.wav,3.0,2.74523618396931,2.892049602380999,2.847971703475254,2.8853065275132432,3.0
audio_445.wav,3.0,3.0972464177525314,3.056303591351406,3.0972464177525314,3.060174296952203,3.0
audio_124.wav,2.0,2.330222844770346,2.279084257286186,2.330222844770346,2.196337171466603,2.5
audio_249.wav,2.0,3.3046750980359905,3.2543338370142125,3.3046750980359905,3.2632890502155445,3.5
audio_420.wav,2.0,2.8358312976288516,2.699036612284001,2.705470021689839,2.6826186249341677,2.5
audio_203.wav,5.0,4.7580033796602175,4.608012603897526,4.491315399242454,4.678743807107197,4.5
audio_278.wav,5.0,4.434910671123634,4.161454251430877,4.2592674899571445,4.230126578921628,4.0
audio_516.wav,2.5,2.6887407050947028,2.7098065920846146,2.7308724790745265,2.6980021512552645,2.5
audio_326.wav,4.0,3.5707211364442846,3.4802535410699664,3.4256888724793932,3.4792089319275856,3.5
audio_603.wav,4.5,4.328967961152092,4.378238403281425,4.382428817267254,4.415711294466315,4.5
audio_199.wav,4.0,3.7316796872321385,3.725005428594347,3.7214733714169723,3.7591274761665683,3.5
audio_406.wav,2.5,3.5864978100795133,3.671574995450599,3.7566521808216846,3.7039061816039034,3.5
audio_538.wav,4.0,3.0521028275243034,3.117280066815537,3.0720620110594896,3.100666341197233,3.0
audio_631.wav,5.0,4.809526946411991,4.724861495407927,4.775389332342048,4.803293136447759,4.5
audio_5061.wav,0.0,0.0,0.0,0.0,0.0,0.0
audio_196.wav,4.0,4.691850860436662,4.315192684935898,4.28631914406369,4.366626815214447,4.5
audio_756.wav,4.0,3.60655321499654,3.6625140188797856,3.707386677587348,3.698340353250645,3.5
audio_649.wav,5.0,4.625299557777888,4.603819103110903,4.625299557777888,4.701612980492454,4.5
audio_27.wav,2.0,2.792618632285985,2.8672337032792545,2.9346975520997103,2.8232461485529585,3.0
audio_681.wav,5.0,4.022466002091079,4.070196665473441,4.117927328855802,4.1328613675114,4.0
audio_556.wav,2.5,2.9548324793493714,2.9518198212040754,2.9488071630587793,2.9134065610556346,3.0
audio_185.wav,3.0,3.1861921787018312,3.2550578328051403,3.1861921787018312,3.2443538450564993,3.5
audio_369.wav,5.0,4.705531444377211,4.714499649081003,4.723467853784795,4.819579794865589,4.5
audio_241.wav,4.0,4.540392581184641,4.492466324905241,4.540392581184641,4.561307466595281,4.5
audio_98.wav,2.5,2.1300265367844107,2.110452056330849,2.1300265367844107,2.0645308523100168,2.0
audio_389.wav,5.0,4.8971419582252045,4.923316406514072,4.898981709605879,4.984169471520822,5.0
audio_357.wav,5.0,3.095369822315104,3.2284907048191305,3.3115256173437886,3.2166471662785354,3.0
audio_112.wav,3.0,3.110283236900891,3.0536088388867575,3.0682458988711576,3.057357636824384,3.0
audio_675.wav,4.0,4.086456226450647,4.218606024087355,4.086456226450647,4.263675014162406,4.0
audio_113.wav,4.0,3.7845949733280815,3.617885004600418,3.54635834582444,3.647161040994137,3.5
audio_483.wav,2.0,2.868974249601361,2.7125324899907834,2.556090730380206,2.6967909930451266,2.5
audio_474.wav,2.0,2.274742349850004,2.383472945494582,2.4671677226140734,2.3569055263242733,2.5
audio_725.wav,4.5,3.8865140193223366,3.9324295280585386,3.8865140193223366,3.958639252224959,4.0
audio_774.wav,3.0,3.53263868566029,3.712262334312696,3.5823874608325683,3.751363675828361,3.5
audio_588.wav,2.5,2.766550947921911,2.939233413939906,2.7962262611589477,2.927445087829014,3.0
audio_395.wav,3.0,4.189746454388722,4.169981247136791,4.15021603988486,4.224233515542922,4.0
audio_210.wav,5.0,5.0,4.965638101303863,5.0,5.0,5.0
audio_309.wav,3.0,2.692302026354186,2.8506620963322904,2.7151564784843196,2.8330429858930137,3.0
audio_457.wav,3.0,2.687888725287102,2.5823024838689186,2.594508444060825,2.542741824406448,2.5
audio_492.wav,2.5,2.721865316334803,2.686704447868882,2.721865316334803,2.6582917564713267,2.5
audio_738.wav,5.0,4.031711667811058,3.9323329881358076,4.031711667811058,3.9859219149568403,4.0
audio_305.wav,5.0,4.777570966194386,4.811202644873083,4.777570966194386,4.900658472040327,5.0
audio_123.wav,3.5,3.74064142025266,3.5168319179233736,3.5655601162023607,3.515653418565871,3.5
audio_5053.wav,0.0,0.058630520837553046,0.0926559346234821,0.058630520837553046,0.0,0.0
audio_89.wav,2.5,2.84360556564659,2.9153007948117784,2.9539494439479466,2.8900235192797843,3.0
audio_747.wav,3.0,2.7076902871119506,2.7145524107542203,2.7076902871119506,2.6806643821081995,2.5
audio_115.wav,2.0,2.5090412453257214,2.581996569042712,2.5090412453257214,2.5644101421336503,2.5
audio_235.wav,3.0,2.9409559224651316,2.896646380402297,2.8536232042732994,2.8705689561780936,3.0
audio_414.wav,3.5,2.672777729573022,2.4912013211013355,2.4769483874145752,2.4643654429563346,2.5
audio_56.wav,2.0,2.8393849675451985,2.8530479371498148,2.8393849675451985,2.8251004334588927,3.0
audio_43.wav,3.5,3.471092122090792,3.6022202127109786,3.6774711044643125,3.6307875910003435,3.5
audio_394.wav,5.0,5.0,5.0,5.0,5.0,5.0
audio_423.wav,3.0,2.8744212507470395,3.0218711766926933,2.8977659056961063,3.021635499949385,3.0
audio_579.wav,4.0,3.7751542250055525,3.8272473506694356,3.879340476333318,3.846525483039337,4.0
audio_172.wav,3.0,2.755737490343698,2.912561934505855,2.755737490343698,2.871561547411188,3.0
audio_144.wav,5.0,3.859116253019217,3.8757935212468966,3.859116253019217,3.8917149122644674,4.0
audio_151.wav,2.5,2.552562328784414,2.426743702779341,2.4517445342065036,2.402133805486616,2.5
audio_65.wav,1.5,2.7058284374718853,2.69247380844818,2.7058284374718853,2.675726855919803,2.5
audio_481.wav,2.0,2.465541037505099,2.8654147694196794,3.079666114636522,2.8606498728594483,3.0
audio_262.wav,4.0,3.8962045629100786,3.8142637988987618,3.732323034887445,3.852423797817167,4.0
audio_229.wav,4.5,3.9670145491165747,4.133155465944569,4.160299488431818,4.188623699263563,4.0
audio_22.wav,4.0,4.398497324745121,3.8987160657646918,4.398497324745121,3.922704045102577,4.0
audio_434.wav,3.5,3.384596059600587,3.3656462916179866,3.384596059600587,3.3596858036517654,3.5
audio_488.wav,3.0,3.3986264964617905,3.1487831792191927,3.0445394861268187,3.1568375605363594,3.0
audio_439.wav,3.0,3.091379855017235,3.125740956357947,3.1601020576986585,3.1262307049650397,3.0
audio_160.wav,2.0,2.239482385570373,2.422346329916964,2.38165066012161,2.376530542202562,2.5
audio_594.wav,3.0,3.597044478746566,3.4869859280678384,3.3769273773891104,3.510064456816172,3.5
audio_651.wav,5.0,4.514773680728822,4.6385604359093815,4.666027346055799,4.719362450389734,4.5
audio_569.wav,3.0,1.5348945131980853,1.9440547545327542,1.975367133573253,1.8392289495753602,2.0
audio_440.wav,2.0,2.1444090451642746,2.051991413888639,2.1444090451642746,2.0104281316724513,2.0
audio_658.wav,5.0,4.854495325966948,4.715995333005073,4.796233092339691,4.793842686667483,4.5
audio_274.wav,3.0,3.084018746783852,3.1528029488931306,3.110682105245253,3.137712915577033,3.0
audio_5065.wav,0.0,0.10515072563631289,0.09685827476196107,0.08856582388760925,0.0,0.0
audio_158.wav,2.5,3.359149110762576,3.2830317078547395,3.31507313614599,3.295886887232026,3.5
audio_493.wav,4.0,3.3098160386546684,3.1698255121205285,3.065341960250719,3.178831825633813,3.0
audio_646.wav,4.5,4.357875710621881,4.279045297233356,4.248474117645636,4.341826361409148,4.5
audio_64.wav,2.5,2.234429219874194,2.1580490517793733,2.0816688836845527,2.1145136807801577,2.0
audio_451.wav,2.5,2.2035570054710796,2.319141857617325,2.220168755424258,2.2390346005285773,2.5
audio_277.wav,3.5,3.1248278175023754,3.0480209857570113,2.997547811183423,3.049096086666508,3.0
audio_491.wav,2.5,2.3334926204403237,2.344856389665688,2.3334926204403237,2.2664437413388256,2.5
audio_52.wav,2.0,3.82673574217555,3.426846672370294,3.82673574217555,3.419738071494014,3.5
audio_743.wav,4.0,3.657172952513914,3.6543210624159177,3.657172952513914,3.6607427771421803,3.5
audio_243.wav,3.0,2.3381225875174088,2.2428973977227877,2.3381225875174088,2.185268214319518,2.0
audio_661.wav,5.0,4.427664225179513,4.5334325757748015,4.568561801009302,4.604126985985012,4.5
audio_456.wav,3.0,3.2923013365166014,3.164700511266638,3.2923013365166014,3.1677550265311356,3.0
audio_90.wav,4.0,4.257341066961954,4.223157479126327,4.206224949944185,4.279815382284861,4.0
audio_735.wav,4.0,3.2207487269656303,3.413061332905488,3.2207487269656303,3.4324658181795997,3.5
audio_775.wav,4.5,4.658882928043946,4.642185688975131,4.658882928043946,4.690980140345404,4.5
audio_587.wav,2.5,2.4712862148221797,2.690870844889527,2.7245659958419948,2.6352608330819094,2.5
audio_103.wav,2.5,2.839415168631713,2.5023553918661117,2.606710980812956,2.434322057019077,2.5
audio_111.wav,3.5,3.669084702399455,3.7432208237761824,3.714513850561538,3.7781669159645546,3.5
audio_421.wav,2.0,2.079896890867942,2.1933170962067114,2.248526799442058,2.1370715844409567,2.0
audio_683.wav,4.0,4.1866403152977565,4.060051660901363,4.123298553966043,4.111855514348597,4.0
audio_152.wav,3.0,2.9857364050134914,2.996323896343648,2.9857364050134914,2.997481185943523,3.0
audio_134.wav,3.0,2.4641010731250628,2.4936530717518313,2.5088165157162776,2.452531515127463,2.5
audio_12.wav,4.5,3.5147826511884714,3.4298033543286754,3.4949554303361277,3.4265947720882033,3.5
audio_232.wav,3.0,3.181477156742648,3.230336251146731,3.181477156742648,3.2377116668315002,3.0
audio_36.wav,3.0,2.8950630882732993,2.8498880599296785,2.804713031586058,2.8444207519622804,3.0
audio_268.wav,5.0,3.256571651279754,3.275737166573302,3.256571651279754,3.265920182914264,3.5
audio_68.wav,2.0,1.7708511999554917,1.4277900778045556,1.667298219870427,1.2889420070330266,1.5
audio_729.wav,3.0,2.940559620030861,2.950559438369177,2.940559620030861,2.94964639379137,3.0
audio_247.wav,4.5,4.125571114123254,3.934658592704438,4.125571114123254,3.961015214060068,4.0
audio_224.wav,5.0,4.9472918900380485,4.72941976580219,4.623208813886881,4.814776168380728,4.5
audio_425.wav,3.0,3.109408976978557,2.8490366434520196,3.0855411009377876,2.8313105269814813,3.0
audio_392.wav,5.0,4.694200840101917,4.7901362334069315,4.727573339500543,4.900195650387346,5.0
audio_615.wav,4.0,3.927740440659357,3.8317357475939255,3.7357310545284936,3.8513096690040776,4.0
audio_245.wav,3.5,3.5061211255081726,3.697305562941168,3.5061211255081726,3.708020424876857,3.5
audio_271.wav,3.5,3.6544999395604214,3.4780359622374464,3.301571984914472,3.5009853804445887,3.5
audio_321.wav,2.0,3.6122409458159694,3.775995096885143,3.6122409458159694,3.81929206293536,4.0
audio_5043.wav,0.0,0.0728002758413715,0.0595474579306321,0.0462946400198927,0.0,0.0
audio_187.wav,5.0,5.0,5.0,5.0,5.0,5.0
audio_221.wav,4.0,4.43413598822011,4.286940116995086,4.139744245770062,4.346483477142885,4.5
audio_219.wav,5.0,5.0,4.974743682449055,5.0,5.0,5.0
audio_601.wav,2.0,2.788114794091698,2.8900754808745335,2.8464050124864655,2.88642620801074,3.0
audio_100.wav,2.5,2.5079074730239403,2.4739492562258856,2.5079074730239403,2.4040439337316832,2.5
audio_227.wav,4.5,4.389563391706167,4.204536279345691,4.040183213563914,4.260351779730509,4.0
audio_411.wav,2.0,2.519309555964545,2.610721696326567,2.519309555964545,2.5773069450196937,2.5
audio_28.wav,3.0,2.650824003004638,2.6169303870263265,2.614125909759321,2.5788550313003946,2.5
audio_653.wav,2.5,3.479415947547009,3.21605807866466,3.4771843307794046,3.222493540574379,3.0
audio_29.wav,3.0,3.3052645955197537,3.1435935481371775,3.079806709264912,3.149459291252939,3.0
audio_470.wav,2.5,2.3940618459296044,2.43596573386393,2.453008182230202,2.390128213784535,2.5
audio_356.wav,3.5,3.6508717195296994,3.677944680442719,3.6508717195296994,3.6873836443353096,3.5
audio_365.wav,2.0,2.713788029612334,2.5545536560293094,2.713788029612334,2.517441277341841,2.5
audio_58.wav,2.5,3.0045460109053903,2.9515304792303905,2.89851494755539,2.950661363482332,3.0
audio_708.wav,3.0,3.9169205722797473,3.8469290256902986,3.77693747910085,3.8675041965937504,4.0
audio_319.wav,4.5,5.0,4.965135253826639,5.0,5.0,5.0
audio_5067.wav,0.0,0.0,0.0,0.0,0.0,0.0
audio_135.wav,4.0,3.569020118346012,3.4282066289947806,3.5001903907512713,3.4249295579955787,3.5
audio_612.wav,4.0,4.3049087723074715,4.318421683960802,4.331934595614133,4.397427415880704,4.5
audio_373.wav,5.0,5.0,4.982147582411094,5.0,5.0,5.0
audio_680.wav,5.0,4.553936347534097,4.50227611270708,4.553936347534097,4.59338526084336,4.5
audio_63.wav,4.0,4.040737568343866,4.096843442534714,4.040737568343866,4.161262342368163,4.0
audio_700.wav,2.5,3.1234410412118114,3.105087528199522,3.1234410412118114,3.0879508248230225,3.0
audio_429.wav,4.0,3.821109693119835,3.619138249034755,3.711879300251379,3.648470980840159,3.5
audio_745.wav,5.0,5.0,5.0,5.0,5.0,5.0
audio_731.wav,2.0,3.022218168778771,2.9140145169166365,2.850288999943788,2.8731098561947475,3.0
audio_461.wav,5.0,3.561047942963042,3.5696709145501395,3.578293886137237,3.5967657980821204,3.5
audio_79.wav,2.0,2.9494139263979884,2.7537363535190487,2.6712062083262564,2.7439192471964424,3.0
audio_5038.wav,0.0,0.0,0.0,0.0,0.0,0.0
audio_760.wav,4.0,3.488336987505922,3.694683551086804,3.488336987505922,3.705225620289815,3.5
audio_72.wav,2.0,2.216914848981898,2.2963271554671203,2.3631397030151358,2.2422153341460676,2.5
audio_696.wav,5.0,5.0,5.0,5.0,5.0,5.0
audio_744.wav,4.0,4.54888737142811,4.373605611683491,4.54888737142811,4.456244185358888,4.5
audio_662.wav,5.0,4.65343313967533,4.60189045637587,4.587177821166948,4.67568182645872,4.5
audio_570.wav,3.0,2.5274313323887148,2.184478052785466,2.303131018877946,2.148908321650934,2.0
audio_10.wav,3.0,2.8255385539953415,2.8896585286387526,2.87325258693551,2.8746066125519723,3.0
audio_628.wav,2.5,3.233770057409431,3.277307884617532,3.233770057409431,3.2911765834649334,3.5
audio_606.wav,3.5,2.7198675686437532,2.798625605768688,2.7930441958241703,2.7683437507373423,3.0
audio_73.wav,4.0,3.305254556404203,3.201098418384205,3.1752363652593645,3.209846633745247,3.0
audio_605.wav,4.0,3.6023310444939183,3.4932263885088606,3.6023310444939183,3.490492265393572,3.5
audio_106.wav,3.5,3.098274819477364,2.995425546036757,2.9369372539896803,2.9735850824838987,3.0
audio_306.wav,5.0,5.0,5.0,5.0,5.0,5.0
audio_75.wav,2.0,3.3278342534091467,3.355570652833014,3.3833070522568813,3.372061898072263,3.5
audio_550.wav,3.5,3.254948586757585,3.3031465382569287,3.254948586757585,3.2878859970412075,3.5
audio_340.wav,5.0,4.8494220946816995,4.646032657781149,4.8494220946816995,4.746605517565413,4.5
audio_272.wav,3.0,3.200114183488403,3.2759247159288307,3.270598894334569,3.2588702342849922,3.5
audio_518.wav,3.5,2.582948197338917,2.5470214322766687,2.5355010098428767,2.505947453410456,2.5
audio_34.wav,2.0,2.2515879047697327,2.411849751363467,2.2515879047697327,2.3378520205434716,2.5
audio_87.wav,2.0,2.29789484341539,2.2777356929059636,2.257576542396537,2.194899735587168,2.5
audio_211.wav,5.0,4.719050236802417,4.8595251184012085,5.0,4.944971599671961,5.0
audio_431.wav,3.0,3.0646774090722952,3.094533903705369,3.0698129359554587,3.076944520944157,3.0
audio_555.wav,5.0,3.2140163754132463,3.221069901069419,3.2140163754132463,3.2089080600463586,3.0
audio_648.wav,5.0,4.140725313519012,4.268769665761526,4.227843175852863,4.317144480984366,4.5
audio_5051.wav,0.0,0.35267898666216224,0.35880759042927785,0.35267898666216224,0.22387398105444944,0.5
audio_422.wav,2.0,2.360774286746947,2.3914809922232494,2.360774286746947,2.3437353764478046,2.5
audio_627.wav,2.5,3.0966175866221572,3.3408000129772346,3.202902304826659,3.3280208666419044,3.5
audio_122.wav,5.0,3.3320155801772433,3.521098885907992,3.508772428341132,3.5458873507670634,3.5
audio_88.wav,3.5,3.6558762413079107,3.7136952831631542,3.771514325018398,3.7254902411099544,3.5
audio_165.wav,2.5,2.297398479455462,2.1432206553470428,2.203201915031797,2.0989420005011787,2.0
audio_276.wav,3.5,3.0206453237180564,3.1621759403833583,3.0846837274339456,3.137625321095228,3.0
audio_746.wav,5.0,5.0,5.0,5.0,5.0,5.0
audio_252.wav,3.5,2.951816695573315,3.000797134245181,3.0497775729170473,2.9930616413228313,3.0
audio_266.wav,4.0,2.970007834947293,2.9563364130011545,2.9426649910550156,2.918220799958202,3.0
audio_611.wav,4.5,3.7213433239747395,3.5090679600777612,3.7213433239747395,3.507377809527566,3.5
audio_5058.wav,0.0,0.2294395648292955,0.11471978241464775,0.0,0.0,0.0
audio_81.wav,3.0,3.5132298474896513,3.5229971880114497,3.5132298474896513,3.52378599333332,3.5
audio_3.wav,3.0,2.9116015901418586,2.799679551934215,2.687757513726571,2.751240123203145,3.0
audio_21.wav,2.0,2.6993712354079817,2.6213303900400375,2.5432895446720933,2.6010173234048914,2.5
audio_190.wav,3.0,2.8187850188620756,2.8375161059607468,2.8187850188620756,2.831489104286043,3.0
audio_189.wav,5.0,4.50234381286384,4.361251075960544,4.308526797275573,4.443076331789673,4.5
audio_519.wav,3.0,2.9710021845559655,3.0176381287451406,3.0642740729343156,3.017190267483037,3.0
audio_748.wav,2.5,3.1092961551570806,2.817906051507191,3.1092961551570806,2.770667764053621,3.0
audio_505.wav,3.0,2.847040930351744,2.8350293178079404,2.8268330595414177,2.806308936749477,3.0
audio_361.wav,4.0,2.6833335655150474,3.105699665079954,3.0908741911841915,3.0774272129080757,3.0
audio_5052.wav,0.0,0.0,0.09148395892341243,0.16311604828305448,0.0,0.0
audio_16.wav,4.0,3.6371070879705574,3.567711298106472,3.6371070879705574,3.5698857916517923,3.5
audio_327.wav,5.0,5.0,5.0,5.0,5.0,5.0
audio_313.wav,3.0,3.4990965788304162,3.5603148817617765,3.530064834014361,3.562704364713893,3.5
audio_589.wav,2.5,2.442180854737291,2.5350736004197634,2.474670921885275,2.5153644295745106,2.5
audio_416.wav,3.5,2.7188579247735767,2.8059813958787903,2.8931048669840043,2.7854208870836747,3.0
audio_762.wav,5.0,5.0,5.0,5.0,5.0,5.0
audio_714.wav,3.0,2.7635062877358134,2.761035707275447,2.7635062877358134,2.7291414988643905,3.0
audio_455.wav,3.0,2.9018332608958914,2.749622934832833,2.6116655525997747,2.7357406226373207,2.5
audio_42.wav,3.0,3.5038988812993757,3.294331158001898,3.160395420814795,3.2784896759939652,3.5
audio_561.wav,4.0,3.380869812083323,3.1730407010285098,3.192150121301288,3.180382503485805,3.0
audio_226.wav,3.0,2.653705855970686,2.773413682136929,2.774831627352734,2.7607238979569386,3.0
audio_110.wav,3.5,3.8145793552605474,3.7112893976269556,3.8145793552605474,3.744790946914028,3.5
audio_739.wav,5.0,4.387506259466523,4.461334456383209,4.474446940753577,4.5023716083783105,4.5
audio_504.wav,3.5,2.2594282958059577,2.3566698953994165,2.3024842694729455,2.3074311181134286,2.5
audio_379.wav,4.0,3.920471726298146,4.109217665277055,4.166929676788297,4.163485999426801,4.0
audio_520.wav,2.5,2.8730231962740387,2.6469659061231714,2.8730231962740387,2.6159371661818844,2.5
audio_5068.wav,0.0,0.0,0.11845352820463506,0.0,0.0,0.0
audio_30.wav,2.0,2.8331522992212053,2.5119189439053278,2.8331522992212053,2.44451585498499,2.5
audio_5041.wav,0.0,0.0,0.0,0.0,0.0,0.0
audio_485.wav,3.0,3.1762405277036416,3.0552101741378297,3.1762405277036416,3.0236104230840297,3.0
audio_475.wav,2.0,1.7183255691901065,1.816784322598155,1.9152430760062036,1.7035712917453152,2.0
audio_145.wav,4.0,4.125289744133134,4.201222963808949,4.125289744133134,4.272513326021972,4.0
audio_308.wav,5.0,4.8395287529254425,4.818891012211701,4.8395287529254425,4.930843399943254,5.0
audio_184.wav,3.0,3.153523349712308,3.13060763846618,3.153523349712308,3.1145655758758597,3.0
audio_586.wav,2.5,2.8260205881471516,2.8930040768242877,2.9348893018779405,2.8894872904479505,3.0
audio_398.wav,3.5,4.385795724437335,4.354914951860078,4.324034179282821,4.421499036071931,4.5
audio_726.wav,5.0,3.5609178205020053,3.6080207314538737,3.6278215182120506,3.612456473934912,3.5
audio_466.wav,3.0,2.9689653045439233,3.204111572221989,2.9715926846984835,3.209760577472528,3.0
audio_218.wav,5.0,4.497600199500354,4.62038926615555,4.611056246335421,4.695017502221925,4.5
audio_644.wav,3.0,3.5970054616737768,3.6567807111031163,3.619297517270437,3.687816346847548,3.5
audio_351.wav,3.0,2.557686036928519,2.7763713130621315,2.995056589195744,2.726395852263962,3.0
audio_248.wav,5.0,3.9035207864491936,3.936204235453471,3.916428712431771,3.9818001492084756,4.0
audio_83.wav,3.0,3.1005176895204305,3.193288852995501,3.189292647630367,3.1799353921876214,3.0
audio_71.wav,2.0,2.8618223588758918,2.8872394062856523,2.9126564536954134,2.8802552169404683,3.0
audio_287.wav,5.0,4.416471892315208,4.274303384397708,4.416471892315208,4.35040474166636,4.5
audio_367.wav,2.0,2.6402487832066566,2.3824308577797395,2.6402487832066566,2.3558162956974926,2.5
audio_166.wav,3.0,2.6602486955928626,2.6976260049608145,2.725679927568393,2.6630119475495855,2.5
audio_94.wav,2.0,3.307736706139636,2.8167053427298447,3.0716342913970194,2.769387927582613,3.0
audio_108.wav,1.0,2.6585792478047834,2.7513301898523577,2.6585792478047834,2.7414042313091262,3.0
audio_511.wav,4.0,3.16728380614669,3.190361853655898,3.2134399011651062,3.2002972088676325,3.0
audio_5059.wav,0.0,0.284018873837836,0.142009436918918,0.0,0.0,0.0
audio_310.wav,5.0,4.691210957174057,4.579199639896968,4.691210957174057,4.65196450218414,4.5
audio_50.wav,3.0,2.741594831053566,2.9331423788421835,2.8275903606099533,2.931441405482754,3.0
audio_6.wav,3.0,2.9188746055400276,2.8527586378231926,2.9188746055400276,2.8352775458937356,3.0
audio_515.wav,2.5,2.973311075984344,2.818561292390349,2.86785452724055,2.8081345640687094,3.0
audio_742.wav,4.5,4.22049425248058,4.362766846341148,4.340523309656197,4.425740525043896,4.5
audio_545.wav,2.5,2.7086794573510797,2.842742994989773,2.76165975529882,2.797141482491503,3.0
audio_489.wav,3.0,3.3405401063623055,3.3055620466850533,3.3405401063623055,3.319546575212702,3.5
audio_697.wav,5.0,5.0,5.0,5.0,5.0,5.0
audio_225.wav,3.0,3.4668341805641294,3.2930712917126552,3.119308402861181,3.3076531099087867,3.5
audio_553.wav,2.0,2.8745665260928805,2.7573688777468437,2.801676367967825,2.7061411408690677,3.0
audio_237.wav,3.0,3.0114589256396376,3.2116610528765044,3.4118631801133716,3.1903715431063713,3.0
audio_197.wav,4.5,4.800485540042333,4.855246157933124,4.800485540042333,4.940499063698033,5.0
audio_449.wav,4.0,3.4665761623700924,3.5616641567061498,3.634628795949027,3.5908513915156046,3.5
audio_567.wav,3.0,2.3584119741974146,2.360138537067373,2.3584119741974146,2.311048541138625,2.5
audio_477.wav,2.0,2.4087797229933776,2.6244831584843293,2.5393990464548484,2.564498143668609,2.5
audio_728.wav,3.0,3.909847927331412,3.8443648323843185,3.909847927331412,3.892162681937821,4.0
audio_377.wav,4.0,4.063570283178125,4.20886262617549,4.063570283178125,4.264873845773486,4.0
audio_633.wav,5.0,2.871706471427221,2.8695334960412207,2.871706471427221,2.825697499545019,3.0
audio_690.wav,4.0,3.306130826847361,3.1904034730326964,3.1119352606362667,3.1986155967025813,3.0
audio_525.wav,4.5,4.362439402965944,4.396443514258105,4.414037796102884,4.434697282045164,4.5
audio_31.wav,3.0,3.2273316971690327,2.7172977400571092,2.908408870035126,2.6634292823254584,2.5
audio_676.wav,4.0,3.858625003431393,3.7714199604103835,3.858625003431393,3.8144157382793944,4.0
audio_263.wav,4.0,3.1830666089820827,3.289976002214897,3.1830666089820827,3.3012775932718967,3.5
audio_5070.wav,0.0,0.0,0.059016799068525694,0.04458325604871627,0.0,0.0
audio_510.wav,3.0,3.4785129691295587,3.5985357655901558,3.4785129691295587,3.6272058087483536,3.5
audio_577.wav,4.0,3.390751586364234,3.3982790337501863,3.394685258606354,3.3937182705551168,3.5
audio_230.wav,4.5,4.674483446137735,4.519300267153996,4.364117088170257,4.589355347131922,4.5
audio_314.wav,3.5,3.459953815807544,3.4602970819004626,3.4606403479933814,3.4553928904597444,3.5
audio_641.wav,4.0,3.030304758530936,3.046261438557364,3.030304758530936,3.0266014922817988,3.0
audio_689.wav,4.0,3.73322149511459,3.8967534439111686,4.060285392707747,3.938645184424094,4.0
audio_352.wav,4.5,4.64375882362041,4.359377426552536,4.122260904191255,4.422197771599834,4.5
audio_193.wav,4.0,4.338515968319815,4.1719375621813235,4.194548837671366,4.213931062323253,4.0
audio_5049.wav,0.0,0.1963606829365072,0.13809632098114943,0.10259465785701094,0.009950511652897037,0.0
audio_300.wav,5.0,5.0,5.0,5.0,5.0,5.0
audio_581.wav,1.5,1.9503968639757552,2.292989541951256,2.6355822199267562,2.2562181583502223,2.5
audio_164.wav,2.5,2.398583583096619,2.3509950904402146,2.3034065977838107,2.3171312759350413,2.5
audio_502.wav,3.0,2.6877702711021847,2.7316445284401016,2.7755187857780186,2.7208280120396178,2.5
audio_380.wav,4.0,3.5598961779847347,3.5542430302515955,3.5598961779847347,3.5563720716836236,3.5
audio_15.wav,2.0,3.453181018986971,3.2810091639407832,3.314331342722209,3.291720454418588,3.5
audio_238.wav,4.0,2.0916783125620673,2.5446076363715555,2.0916783125620673,2.506840496107578,2.5
audio_53.wav,3.0,3.3104103471853423,2.981329644317261,3.2411186413620587,2.972312576972731,3.0
audio_283.wav,4.0,4.171751917122659,4.3048053947657205,4.171751917122659,4.3651569605997524,4.5
audio_614.wav,4.5,3.935810425170432,4.191914878831206,4.156079274057149,4.235224900532624,4.0
audio_121.wav,2.5,3.0558491642188814,3.254017311646572,3.0558491642188814,3.235519114084549,3.5
audio_216.wav,4.0,4.160981256991885,4.187787526813343,4.160981256991885,4.217091358579323,4.0
audio_552.wav,2.0,3.118286905880514,3.1038062895695666,3.089325673258619,3.109825965441311,3.0
audio_514.wav,2.5,2.9789702155162714,2.826052861414162,2.9789702155162714,2.7793514554182748,3.0
audio_593.wav,5.0,4.89743762023007,4.813253024171265,4.89743762023007,4.89660620635366,5.0
audio_565.wav,3.0,2.428406575315716,2.692486557368062,2.705991609377187,2.6757402438883005,2.5
audio_140.wav,3.0,3.292561002233438,3.238638912848188,3.272081877461876,3.227230664057487,3.0
audio_117.wav,2.5,2.6379319452622916,2.605398312918288,2.6379319452622916,2.584286639662244,2.5
audio_495.wav,4.0,3.381599208086147,3.4238838005207963,3.4661683929554457,3.44379929054752,3.5
audio_652.wav,3.0,3.531072003879617,3.5084326209566177,3.531072003879617,3.5327571508600184,3.5
audio_645.wav,3.0,3.3525589715223254,3.2195391514749874,3.3525589715223254,3.229211721609607,3.0
audio_242.wav,2.0,3.0598234485798677,2.98320730278951,2.992041542447584,2.9810335720528234,3.0
audio_4.wav,2.5,3.5893339011374317,3.368468036362086,3.3938277817575724,3.385605772062049,3.5
audio_93.wav,2.0,3.5414484109844038,3.4586036701892,3.375758929393996,3.4806739926928465,3.5
audio_582.wav,2.0,2.4190327614740785,2.5508251702207074,2.682617578967336,2.5269779796339096,2.5
audio_222.wav,5.0,5.0,4.973598129342312,5.0,5.0,5.0
audio_5042.wav,0.0,0.24995628409675819,0.2704759733849406,0.24995628409675819,0.13175353278189433,0.5
audio_253.wav,3.5,3.1062551410764074,3.2661460899666226,3.1062551410764074,3.2758789217160147,3.5
audio_167.wav,3.0,2.715371777831376,2.8357443177359203,2.956116857640465,2.8261789006986255,3.0
audio_583.wav,3.0,3.128136653809793,3.049529604497488,3.1181052744633275,3.0450022440892033,3.0
audio_682.wav,5.0,4.949833681115869,4.754270865591093,4.949833681115869,4.83464060825767,5.0
audio_5045.wav,0.0,0.7446414452835386,0.5366731665016928,0.7446414452835386,0.3667206511571729,0.5
audio_173.wav,3.0,2.60630445220925,2.786053227995831,2.616483357510753,2.736715813336227,3.0
audio_338.wav,5.0,5.0,5.0,5.0,5.0,5.0
audio_188.wav,5.0,4.976568201071785,4.9865521413844,4.993072163394029,5.0,5.0
audio_59.wav,3.0,2.75918804727512,2.7856148553399604,2.8120416634048016,2.7772398976797494,3.0
audio_318.wav,5.0,4.4770293626531945,4.416589831845405,4.46792040024409,4.502058122003042,4.5
audio_17.wav,2.0,2.566627713668239,2.663423797022586,2.760168472094012,2.6273426953315573,2.5
audio_551.wav,2.0,2.507333838340318,2.7927088390406483,2.739651843587922,2.7846548054678513,3.0
audio_275.wav,4.0,3.0714890356645697,3.2301529406064944,3.3242978701364665,3.241888401204091,3.0
audio_368.wav,5.0,4.829022449714832,4.784255264077222,4.829022449714832,4.89392752791676,5.0
audio_730.wav,3.0,2.6808951727983485,2.8380567552735205,2.793444690725143,2.832054211984208,3.0
audio_5060.wav,0.0,0.0,0.1910640809438322,0.34687780419791814,0.0489321987106745,0.0
audio_685.wav,3.0,3.097379622321144,3.0615521503368663,3.097379622321144,3.0656602950231924,3.0
audio_7.wav,3.0,2.679390978818949,2.665686949991267,2.677254586304075,2.629702922314378,2.5
audio_204.wav,5.0,5.0,4.9216101152734115,5.0,5.0,5.0
audio_5064.wav,0.0,0.0,0.0,0.0,0.0,0.0
audio_127.wav,3.5,3.1306262325468643,3.1827370691382777,3.2348479057296915,3.186978958394905,3.0
audio_412.wav,2.0,2.656101833812593,2.7153355327493243,2.6624765993321615,2.6613377639460136,2.5
audio_132.wav,2.0,2.1690292808187692,2.3941256777670423,2.5501896537156834,2.362423814421104,2.5
audio_156.wav,3.5,3.532689243137405,3.388401537391005,3.244113831644605,3.4065384539120065,3.5
audio_426.wav,2.0,2.6467189583911828,2.5814034258916037,2.572281003668308,2.5418042028993977,2.5
audio_709.wav,4.0,3.9488029301016576,3.98892804273813,4.029053155374602,4.046242707939856,4.0
audio_291.wav,5.0,4.629976289045985,4.597671834893875,4.629976289045985,4.644556941840546,4.5
audio_523.wav,3.5,3.28018300489699,3.0004669777591255,2.9985444616137857,2.9927097501339754,3.0
audio_632.wav,4.5,3.408719120668162,3.2630535957871514,3.301266007120489,3.245150896764659,3.5
audio_684.wav,3.0,3.0850523636274705,3.1428422557719173,3.0850523636274705,3.1170175308037593,3.0
audio_512.wav,2.5,2.7248673378755677,2.4904232947332146,2.484280820651173,2.4490891169834867,2.5
audio_764.wav,5.0,4.768655829989655,4.829896485824455,4.768655829989655,4.920289354975596,5.0
audio_585.wav,3.0,2.4998692177514927,2.5195775494965935,2.505690246890245,2.4773264129649832,2.5
audio_562.wav,2.0,2.591626767668765,2.6467922340839776,2.70195770049919,2.6321370924088714,2.5
audio_465.wav,3.5,3.0527422446462182,3.0382948141143205,3.0527422446462182,3.0330278503957517,3.0
audio_37.wav,3.0,3.8558239173314135,3.5537931316096536,3.5988429304106804,3.580220418631275,3.5
audio_47.wav,3.0,3.905804617142648,3.822651512566437,3.739498407990226,3.8625555158677383,4.0
audio_233.wav,3.0,3.227903003439398,3.2095971791987976,3.1912913549581976,3.220402719564096,3.0
audio_621.wav,5.0,4.225477872822729,4.197783184858271,4.192439511414709,4.227515763007645,4.0
audio_590.wav,3.0,2.5274626022760955,2.593063159942525,2.5342839262387353,2.5759773735388767,2.5
audio_349.wav,3.5,3.130244810171321,3.2726966037133645,3.2116839208199095,3.2863566932407533,3.5
audio_387.wav,5.0,4.227089757387602,4.336341027576184,4.445592297764765,4.416526417095744,4.5
audio_630.wav,3.5,3.5183428627526965,3.5230805669699548,3.5278182711872135,3.522313858711912,3.5
audio_5046.wav,0.0,0.44244144536278984,0.22122072268139492,0.44244144536278984,0.0968353706480887,0.0
audio_183.wav,3.0,2.897539451445308,3.0147433476523022,2.897539451445308,3.0079259551350384,3.0
audio_607.wav,4.0,3.677066870292664,3.510780310925944,3.677066870292664,3.5350515499245128,3.5
audio_133.wav,3.0,2.5938172685819283,2.572968245991968,2.5938172685819283,2.5330072106149246,2.5
audio_443.wav,3.0,2.975822362260165,3.049257464028446,2.975822362260165,3.0172654244939787,3.0
audio_55.wav,2.0,3.441700511141434,3.421529074908316,3.401357638675198,3.4413265326502254,3.5
audio_686.wav,3.0,3.3433291820509563,3.2264962826783283,3.1410565004298823,3.2365175839293605,3.0
audio_740.wav,4.0,3.8477161890161447,3.7761737933682893,3.7046313977204335,3.7920861364039578,4.0
audio_699.wav,2.5,2.7490771032290793,2.7902654106202682,2.7490771032290793,2.759624959544695,3.0
audio_44.wav,4.0,4.1248958163285145,4.05112962484009,4.1248958163285145,4.102486254926807,4.0
audio_500.wav,3.5,3.023663934078647,2.9827228295194894,2.9417817249603324,2.946346102976304,3.0
audio_265.wav,2.5,3.270181086484489,3.27732900569137,3.270181086484489,3.2911986600331216,3.5
audio_125.wav,2.0,1.9069220525452584,1.8851215120801261,1.9069220525452584,1.8039393988636072,2.0
audio_413.wav,4.0,3.2337025849123378,3.3470730507879676,3.460443516663597,3.363138347721603,3.5
audio_256.wav,4.5,3.908866256046048,3.7879902493828075,3.7782537035742525,3.83207687453587,4.0
audio_350.wav,4.5,3.8428612830113646,3.692414916816431,3.6085996697117086,3.702807481159511,3.5
audio_364.wav,5.0,5.0,5.0,5.0,5.0,5.0
audio_131.wav,2.5,2.076253919568915,2.192497807083731,2.3087416945985466,2.150689204280369,2.0
audio_168.wav,3.5,3.016451467631193,3.0255765400026684,3.016451467631193,3.019472312987387,3.0
audio_557.wav,3.5,2.7576402988180053,2.830851269395065,2.8695198636153836,2.801951678209703,3.0
audio_670.wav,3.0,3.561535716169283,3.6079654554554557,3.561535716169283,3.6127927310003707,3.5
audio_342.wav,4.5,5.0,5.0,5.0,5.0,5.0
audio_2.wav,2.5,2.5749360654843234,2.5541293723065293,2.5749360654843234,2.5133602761771505,2.5
audio_5048.wav,0.0,0.08365698067982219,0.0920200021498716,0.10038302361992102,0.0,0.0
audio_741.wav,4.0,3.218530960034163,3.2966940165141327,3.281618072168241,3.287775940518712,3.5
audio_294.wav,4.0,3.517212035398304,3.505347901031829,3.517212035398304,3.5053796708560863,3.5
audio_370.wav,5.0,4.138621795266811,4.2687076001632605,4.285627499242546,4.344440578458893,4.5
audio_417.wav,3.5,2.569004622602396,2.574048571473992,2.579092520345588,2.538219572672116,2.5
audio_753.wav,4.0,3.8133931338697207,3.978195902492071,4.00439675929419,4.023772011027196,4.0
audio_533.wav,3.0,3.708597850027732,3.6458827705328165,3.708597850027732,3.680614244571434,3.5
audio_239.wav,4.5,4.2840233667322725,4.188958860001906,4.2840233667322725,4.2440696549210655,4.0
audio_566.wav,3.0,2.7395285687451034,2.4836649935481683,2.6164773651849935,2.441885906569351,2.5
audio_736.wav,4.0,3.5672774019338984,3.5660616934008242,3.5648459848677505,3.5681274766424695,3.5
audio_541.wav,2.0,2.329480481043938,2.3128682407532244,2.329480481043938,2.2323475471653556,2.5
audio_531.wav,3.5,2.7227861425451225,2.703072104362131,2.7227861425451225,2.648266165565425,2.5
audio_280.wav,5.0,4.80930439239687,4.890673841643708,4.80930439239687,4.977529457189711,5.0
audio_33.wav,4.0,3.7319721975316478,3.8219700904150407,3.7319721975316478,3.8682936600996225,4.0
audio_307.wav,5.0,4.995581817533168,4.997790908766584,5.0,5.0,5.0
audio_617.wav,4.5,3.3293008822160153,3.361252681830985,3.3585582834032612,3.3551037376072808,3.5
audio_613.wav,5.0,4.451056903698414,4.5695366006316736,4.451056903698414,4.665073608819077,4.5
audio_472.wav,2.5,2.8091856351823736,2.906557897065251,3.0039301589481275,2.903654270737672,3.0
audio_568.wav,3.0,1.435366275635583,1.7939131439076377,1.7166508483317555,1.6791928836122905,2.0
audio_521.wav,4.0,3.1729795620065664,3.0360175066986637,3.1729795620065664,3.030600624374966,3.0
audio_401.wav,5.0,4.200630521321836,4.195761645314333,4.19089276930683,4.239325172083429,4.0
audio_573.wav,2.5,2.229595388753058,2.312792181598682,2.229595388753058,2.2597642779490323,2.5
audio_180.wav,3.0,3.1096794737365867,3.040691646540548,3.1096794737365867,3.0413993591440294,3.0
audio_320.wav,3.5,4.279959565038604,4.2263736195859245,4.279959565038604,4.2831770174320045,4.0
audio_85.wav,3.0,3.4175946910032895,3.3821535762962274,3.408864115958258,3.372099663716026,3.5
audio_296.wav,2.0,2.486305092371799,2.357703563655641,2.486305092371799,2.3076322444820625,2.5
audio_250.wav,3.0,2.5652261697141756,2.707940583322903,2.68916777257008,2.673768951827918,2.5
audio_346.wav,5.0,4.920167961483266,4.820659856794166,4.725259203897165,4.877109647476563,5.0
audio_335.wav,4.0,3.6032940594765037,3.2719671146139735,3.4282700903736196,3.2842676734385168,3.5
audio_20.wav,2.0,2.1244662853235483,2.093588247599233,2.0627102098749175,2.053906760783363,2.0
audio_5071.wav,0.0,0.0,0.0,0.0,0.0,0.0
audio_558.wav,4.0,3.461900976003771,3.622749658026849,3.783598340049926,3.65263343964927,3.5
audio_289.wav,2.5,2.727482078476286,2.7573450154718304,2.7514141498872293,2.725292501248799,3.0
audio_620.wav,5.0,4.6592800938845205,4.713147606154109,4.6592800938845205,4.764985845658443,4.5
audio_665.wav,3.0,2.902623310153314,3.0415896693055715,2.902623310153314,3.036539610907284,3.0
audio_751.wav,4.0,3.7038904307948504,3.7212101405415257,3.7038904307948504,3.730500946047614,3.5
audio_442.wav,2.0,2.07125586000592,2.4452134666024627,2.2389836967519763,2.3734144319931048,2.5
audio_362.wav,5.0,5.0,5.0,5.0,5.0,5.0
audio_311.wav,3.5,3.6581121752977825,3.5011563057292614,3.6581121752977825,3.5263602168313364,3.5
audio_724.wav,5.0,4.674691803684691,4.738048714897407,4.742782537479615,4.823837649645239,4.5
audio_39.wav,3.0,3.116105697541775,3.1700458505503977,3.1543952048345894,3.1460138647998805,3.0
audio_290.wav,2.0,2.6489746747967624,2.366860359144882,2.4265686002289057,2.3173918457224087,2.5
audio_23.wav,2.5,3.15991970358602,3.1010601084749685,3.1402329511391742,3.1069555501084007,3.0
audio_624.wav,3.0,2.9949278624175015,3.020317276320922,3.0457066902243426,3.0138668239915924,3.0
audio_206.wav,5.0,4.623660254340282,4.447105236902592,4.464657501133348,4.507232512595765,4.5
audio_288.wav,4.5,4.074300534081499,4.09627590843206,4.074300534081499,4.121654508338039,4.0
audio_60.wav,3.0,3.0746709614016865,3.0034544167928634,3.0746709614016865,2.995893856815553,3.0
audio_80.wav,2.0,2.322435340106587,2.252425787014135,2.274459191328695,2.1954238719462067,2.5
audio_214.wav,4.0,4.030274318513415,4.029073590478232,4.02787286244305,4.0890310980463145,4.0
audio_599.wav,2.0,2.400417095825786,2.4364476081262567,2.400417095825786,2.3915601289683246,2.5
audio_5063.wav,0.0,0.0,0.008731301340284103,0.0,0.0,0.0
audio_207.wav,4.0,3.6814415350527163,3.736502376140863,3.749752436664445,3.746449115521217,3.5
audio_438.wav,3.0,2.8229081276468504,2.9340496955606277,2.8229081276468504,2.929411905034345,3.0
audio_332.wav,5.0,4.549222018840933,4.577291577278645,4.594208571621598,4.645998239626185,4.5
audio_159.wav,5.0,3.693662348541303,3.753498046305645,3.813333744069987,3.788909068835075,4.0
audio_478.wav,2.0,2.979143000656658,2.6585258169896817,2.5613133720519885,2.6400771974069874,2.5
audio_46.wav,3.0,3.5151461905094568,3.604828237521558,3.5583091413997328,3.6094487678304046,3.5
audio_130.wav,3.0,2.355358790565139,2.6032529455953353,2.360855913212489,2.5820337342866404,2.5
audio_437.wav,2.5,2.610526103487632,2.774147164216742,2.7424635517753906,2.7614941463441687,3.0
audio_771.wav,5.0,4.474087315287295,4.591204407589682,4.474087315287295,4.660827936870806,4.5
audio_759.wav,4.0,3.979380403919644,3.991892591186428,3.979380403919644,4.02202098000502,4.0
audio_25.wav,3.0,3.434867673318678,3.4356727718329996,3.434867673318678,3.456179192375032,3.5
audio_191.wav,3.0,2.3246455944804194,2.519625998144555,2.3596726055669124,2.499217994616275,2.5
audio_182.wav,3.0,2.8184476138534635,2.7715060687578896,2.7493321927608463,2.7624928449767783,3.0
audio_236.wav,3.0,3.2272435664922092,3.1929645697695754,3.2065135702374157,3.1795971993961945,3.0
audio_24.wav,3.0,2.383240653329071,2.4398717501278053,2.4965028469265396,2.4104629409761302,2.5
audio_428.wav,3.0,3.6425049209798397,3.6066152465821117,3.57710110738802,3.6353814514115084,3.5
audio_678.wav,5.0,4.8154885029428875,4.872913494149687,4.922483534842629,4.931604613810599,5.0
audio_591.wav,2.0,2.345054671041724,2.371584545800646,2.3884668970512406,2.3229855065279423,2.5
audio_597.wav,2.0,2.7241793483258006,2.713117580280212,2.702055812234623,2.686443705496064,2.5
audio_580.wav,1.5,2.2922583810363824,2.419694192226393,2.3786505819932313,2.394765382762965,2.5
audio_19.wav,3.0,3.643463762311767,3.515229916911016,3.3891754075740996,3.5398619490716943,3.5
audio_476.wav,2.0,2.616221798152977,2.5140399748435396,2.4707935337277553,2.471551313669269,2.5
audio_375.wav,3.5,3.506462155540502,3.4510909532963536,3.506462155540502,3.4455800704265935,3.5
audio_642.wav,3.0,2.464994130718567,2.6856428319539085,2.8582645608193054,2.6685534719030324,2.5
audio_66.wav,2.0,2.443203786967092,2.5673123984330126,2.602521423473837,2.531039947131371,2.5
audio_186.wav,5.0,4.981985117073252,4.9369659053023796,4.981985117073252,5.0,5.0
audio_713.wav,4.0,4.237814973934095,4.289346058113942,4.340877142293789,4.339076874476636,4.5
audio_354.wav,3.5,3.3411354963157462,3.5168592609553526,3.431956795375707,3.543096921443964,3.5
audio_768.wav,5.0,4.531709242203398,4.419290543312689,4.530044642467825,4.489101499524054,4.5
audio_14.wav,3.5,4.194458086314948,4.197884564400697,4.201311042486447,4.268955154711514,4.0
audio_208.wav,4.0,4.014359352543871,3.979836521590349,3.970582396091986,4.000220656322674,4.0
audio_418.wav,2.5,3.206336516558596,3.136509557989929,3.066682599421262,3.1440086940657115,3.0
audio_212.wav,5.0,4.682230013219973,4.655449340665129,4.628668668110285,4.737097923427481,4.5
audio_177.wav,2.0,2.8649122653372894,2.849875384369668,2.8649122653372894,2.8217917995398647,3.0
audio_503.wav,2.5,2.1537908864072617,2.2446957776843934,2.268228131925241,2.190654065185096,2.0
audio_564.wav,2.0,2.972969778943779,2.90425609890426,2.8752540834060585,2.878505080332562,3.0
audio_257.wav,4.5,4.081514260598679,4.26364376055844,4.194877242629739,4.311680774422368,4.5
audio_408.wav,4.0,3.7109539482280613,3.530241651169642,3.6820359790819146,3.5554884035963332,3.5
audio_468.wav,2.5,2.5970769428146556,2.59607364282292,2.5970769428146556,2.5571036732950336,2.5
audio_574.wav,2.5,2.4171668997309217,2.7466160637481805,2.6099297183034498,2.7364768432802293,2.5
audio_26.wav,4.0,3.7490020347302853,3.6270549941394523,3.5051079535486194,3.65715458377601,3.5
audio_480.wav,3.0,2.38648764040744,2.3986147369459787,2.401152286513384,2.3237448078159626,2.5
audio_706.wav,3.0,3.2289497952068027,3.0369444341051306,3.1896996470731955,3.0374643150380796,3.0
audio_57.wav,2.5,2.9346399683734763,3.051130248014252,3.166446154201565,3.031679140860303,3.0
audio_209.wav,5.0,4.654939659615492,4.711867001047225,4.724174617462581,4.763650311220677,4.5
audio_712.wav,4.0,3.921470140043862,4.1825131440686425,4.055684024064705,4.252571810438414,4.0
audio_353.wav,3.0,3.1198020021544286,3.1499701058995866,3.1198020021544286,3.158078182485562,3.0
audio_575.wav,2.0,2.791313107812726,2.80145099082694,2.791313107812726,2.7712903257782826,3.0
audio_383.wav,3.5,3.9131051840947273,3.976767178775237,3.9522883712781867,4.0222786534072785,4.0
audio_781.wav,5.0,4.594712696960799,4.775155006115963,4.681747885371475,4.856901030779479,5.0
audio_118.wav,4.5,2.9776036697148864,3.022426106045499,2.9776036697148864,3.022218245528028,3.0
audio_337.wav,5.0,4.834806467076401,4.888365602040691,4.883849474009965,4.947719513020026,5.0
audio_715.wav,3.0,3.761392821553195,3.7367429270108143,3.712093032468433,3.7723407017712702,3.5
audio_323.wav,3.5,3.510843477250587,3.6328650435248964,3.73442620147243,3.638366439602778,3.5
audio_374.wav,4.0,3.763317383559934,3.6336627661892,3.527680720358955,3.6640935750677923,3.5
audio_348.wav,3.5,3.3014494125922362,3.3891597575023344,3.4768701024124327,3.4073346803420588,3.5
audio_547.wav,3.0,2.683865375402643,2.4565167338512124,2.491685584940853,2.4279422662674732,2.5
audio_41.wav,4.0,3.637705111878767,3.471062990816384,3.498354911327848,3.4942858133028363,3.5
audio_284.wav,4.5,4.610066605545345,4.47124625596263,4.610066605545345,4.560312661512431,4.5
audio_13.wav,3.0,2.6997030831753697,2.8979596935452188,2.9920736887790893,2.894667093865784,3.0
audio_548.wav,3.5,3.2208346848350615,3.165796467905446,3.2208346848350615,3.174620511851668,3.0
audio_687.wav,4.5,4.478001690607579,4.674092197837224,4.857676323224094,4.7242552234644295,4.5
audio_104.wav,2.5,2.2412862804289277,2.179846306404297,2.1540965384050854,2.118066373920201,2.0
audio_181.wav,3.0,3.5863516042774233,3.588143058558745,3.589934512840067,3.591664021883023,3.5
audio_755.wav,4.0,3.847022257055565,3.940863458264564,3.9285901498161766,3.96762898535197,4.0
audio_733.wav,5.0,3.8517036607295916,3.813726828671987,3.8462446317918255,3.8531834758882626,4.0
audio_5072.wav,0.0,0.04721203317003653,0.20587837055678992,0.3645447079435433,0.06448906505599353,0.0
audio_776.wav,4.5,4.680892091602087,4.47776281728098,4.308943085601819,4.550504737532574,4.5
audio_70.wav,2.0,3.170027016490718,2.9333310541085753,3.0489931261515744,2.928657241171826,3.0
audio_49.wav,3.0,3.017911688679159,2.9588515661928594,2.9677700073868203,2.935442325325495,3.0
audio_527.wav,5.0,4.536607815255424,4.284753795693675,4.505426652132895,4.334181978194722,4.5
audio_273.wav,3.5,3.0777589855473053,3.1105369762089428,3.14331496687058,3.1147457353040826,3.0
audio_139.wav,4.0,3.944982575552121,3.9888733250238917,4.032167458291533,4.037109314101539,4.0
audio_467.wav,3.0,3.0410801784945267,3.082389449768486,3.1161628284797267,3.0525808352805304,3.0
audio_407.wav,4.5,3.8879045647659742,3.8765103152270157,3.8879045647659742,3.919114029060073,4.0
audio_404.wav,4.5,4.256848809027373,4.357988614075671,4.256848809027373,4.412243031200463,4.5
audio_534.wav,3.0,3.4973119965571335,3.4258392948369627,3.3543665931167914,3.4460849727475984,3.5
audio_96.wav,3.0,3.44969387299979,3.513142079436036,3.44969387299979,3.511720416694544,3.5
audio_137.wav,2.5,2.645630336348339,2.621050454835159,2.645630336348339,2.583151822258863,2.5
audio_150.wav,2.5,2.591184477397132,2.6411310153761187,2.616167459907782,2.604093703552272,2.5
audio_339.wav,5.0,5.0,5.0,5.0,5.0,5.0
audio_409.wav,5.0,4.818824810570094,4.857873505572293,4.818824810570094,4.915919511056642,5.0
audio_78.wav,2.0,3.192416571926084,3.2850042866628346,3.3500932821314082,3.2755848000175014,3.5
audio_244.wav,3.5,3.7777936127830616,3.8596725206249345,3.7777936127830616,3.8810874983011736,4.0
audio_752.wav,4.0,4.338465958066435,4.389555200325131,4.338465958066435,4.42751350585516,4.5
audio_508.wav,3.0,3.755585098936552,3.69765829036505,3.755585098936552,3.731296920102409,3.5
audio_664.wav,2.5,3.3789008990638565,3.403610473379979,3.3789008990638565,3.422509748561736,3.5
audio_701.wav,2.5,2.620886206576113,2.584051183524144,2.620886206576113,2.548880671861901,2.5
audio_5044.wav,0.0,0.6020394115297494,0.6864463741514915,0.6335633842015065,0.5655662610997176,0.5
audio_734.wav,4.5,3.4485032710898604,3.4767112193452583,3.4485032710898604,3.4992747210603348,3.5
audio_51.wav,3.0,3.0459361111717467,3.226880412630291,3.239978369448855,3.2065938711560826,3.0
audio_704.wav,2.0,3.0671688328643274,3.066095340357744,3.0650218478511606,3.035212930689591,3.0
audio_129.wav,3.5,2.9496007372184843,3.0011931881347733,3.052785639051062,2.999921012607094,3.0
audio_107.wav,4.0,2.880951768304964,2.8759164050740567,2.880951768304964,2.8489498045785258,3.0
audio_143.wav,5.0,4.047892533495039,4.080681441809935,4.11347035012483,4.133519377599059,4.0
audio_458.wav,3.0,4.372701987257786,4.444057432527205,4.372701987257786,4.503983855411183,4.5
audio_424.wav,3.0,2.4104429494860016,2.6364862990319162,2.608849511737312,2.5772923010273834,2.5
audio_563.wav,2.0,2.606553555422716,2.6090323982766,2.611511241130484,2.592669042802496,2.5
audio_625.wav,2.5,2.633261109226288,2.940280575697242,2.95316106736665,2.928561185834888,3.0
audio_302.wav,5.0,4.398297285746043,4.561572656300747,4.724848026855451,4.638515603940423,4.5
audio_154.wav,3.0,2.990566492445978,2.967336917136935,2.990566492445978,2.9442916406541824,3.0
audio_754.wav,4.0,4.512322041315963,4.303669282895358,4.512322041315963,4.381703841852479,4.5
audio_749.wav,3.0,2.730869746048155,2.596875261309764,2.730869746048155,2.5350708634167525,2.5
audio_366.wav,5.0,5.0,5.0,5.0,5.0,5.0
audio_693.wav,3.0,3.7747359439810557,3.799266659018651,3.7747359439810557,3.811905563253914,4.0
audio_608.wav,5.0,4.361312022014962,4.493767124785361,4.524202605070579,4.536195419736612,4.5
audio_220.wav,4.0,4.273837702574103,4.210832676823118,4.273837702574103,4.282755661035642,4.0
audio_761.wav,4.0,3.8161715921770853,3.7720939905229036,3.7615691470632235,3.783567370358234,4.0
audio_640.wav,3.0,3.764495957097394,3.3710165159053207,3.0031757145558755,3.388281995942754,3.5
audio_67.wav,4.0,2.9918367031510558,2.9835761280591457,2.9918367031510558,2.974706950150496,3.0
audio_299.wav,4.0,3.8795902090074135,3.875771899722542,3.8795902090074135,3.918338599956787,4.0
audio_102.wav,2.0,3.4271490497049504,3.4600864118872465,3.4271490497049504,3.4581767687809495,3.5
audio_258.wav,3.5,3.616055367915557,3.515824853437036,3.616055367915557,3.5145799877035433,3.5
audio_679.wav,4.5,4.738900516701402,4.8414374666680295,4.943974416634657,4.927551559869586,5.0
audio_82.wav,4.0,4.255824719725533,4.172219978568611,4.255824719725533,4.226573524743628,4.0
audio_325.wav,5.0,4.911360275885485,4.850465865398681,4.911360275885485,4.935502515941713,5.0
audio_399.wav,3.0,2.4462442497211465,2.464937122866245,2.4513612831834437,2.420342280177458,2.5
audio_285.wav,4.0,3.65470801486934,3.7363844800569463,3.7475071688735193,3.7463261624896367,3.5
audio_784.wav,4.5,4.727757862708515,4.667069100040429,4.606380337372344,4.743809080892556,4.5
audio_0.wav,3.0,3.0676202333594915,2.888315601581627,3.0676202333594915,2.845717361252077,3.0
audio_435.wav,3.5,3.7479314043066356,3.6293622357757416,3.5343560108244265,3.6347133850016973,3.5
audio_91.wav,5.0,3.7188757668111845,3.5318096246020296,3.3447434823928743,3.531618168404514,3.5
audio_109.wav,2.0,2.1835568746892813,2.2871798166552537,2.261666635486577,2.2324658121305263,2.5
audio_772.wav,3.0,3.109586875740337,3.0595401796994643,3.0094934836585923,3.028225779565135,3.0
audio_270.wav,3.5,3.4471532867071444,3.562619915452375,3.616122590941001,3.565108268819426,3.5
audio_528.wav,2.5,2.639842114493705,2.6122282612716203,2.604780307969813,2.573951216031848,2.5
audio_441.wav,2.0,2.626229810931574,2.653795731803821,2.6678625080006126,2.6351100133596304,2.5
audio_381.wav,5.0,4.98579969376601,4.933238376615134,4.889956509321493,4.994517027288967,5.0
audio_86.wav,2.0,3.108991786143192,3.2460622067183786,3.3097242223446064,3.234972367219534,3.0
audio_101.wav,4.0,3.749134087022928,3.648372904360851,3.749134087022928,3.6558630639447105,3.5
audio_333.wav,4.5,3.828613839559848,3.683689646034983,3.6543556447896037,3.716628087607189,3.5
audio_149.wav,2.5,2.549127371128617,2.460972002471531,2.48362821250221,2.4176990014321817,2.5
audio_719.wav,3.0,3.4291007167437977,3.371660377484155,3.4291007167437977,3.388958131538082,3.5
audio_638.wav,3.0,3.8609558036412928,3.4430051013318077,3.0760809936749993,3.463879060069871,3.5
audio_147.wav,3.0,3.1162382687760513,3.2594992807727516,3.3157779321817706,3.2489858012172275,3.5
audio_62.wav,4.0,3.6991267437212256,3.737566074230219,3.739215644800256,3.7732051098265575,3.5
audio_763.wav,5.0,4.9899774858486285,4.994988742924314,5.0,5.0,5.0
audio_498.wav,2.0,2.1771128304911107,2.2164414442101794,2.199651572239258,2.1611878111711973,2.0
audio_1.wav,3.5,3.3034512867096533,3.213954536328317,3.162324857270671,3.2233471736834747,3.0
audio_304.wav,5.0,4.877302145212523,4.869153466046884,4.877302145212523,4.927683305835746,5.0
audio_347.wav,5.0,4.5035674468880025,4.438803748109537,4.5035674468880025,4.505217253338449,4.5
audio_560.wav,4.0,3.8813732732247215,3.7759689819597066,3.7532701555448966,3.8192642288247276,4.0
audio_452.wav,3.5,2.757007089011645,2.7806065451542445,2.757007089011645,2.7495517938277376,3.0
audio_716.wav,4.5,4.0412269323546735,3.9313811039620266,4.0412269323546735,3.9849073668025197,4.0
audio_473.wav,2.0,2.3700398428082665,2.3469201300283014,2.3700398428082665,2.3186991013431033,2.5
audio_95.wav,4.0,3.9417142421437243,3.745106038550222,3.9385495350352073,3.7589709910509286,3.5
audio_732.wav,4.0,3.2704990949076747,3.524426460524691,3.778353826141707,3.549474534290637,3.5
audio_292.wav,5.0,4.842339998707114,4.921169999353557,5.0,4.981930997954751,5.0
audio_469.wav,2.5,2.6329825625685257,2.775814271873574,2.6670610142883358,2.753267815498212,3.0
audio_329.wav,2.0,2.7309776207178666,2.8090927245743664,2.7309776207178666,2.8017798801182985,3.0
audio_169.wav,2.0,3.459913719436939,3.2177682619039385,3.394180378078124,3.1968812222199454,3.0
audio_174.wav,2.5,2.669558843991554,2.629742439564356,2.6673865137034043,2.609851032854284,2.5
audio_513.wav,2.5,2.958874786188852,2.7696814877507547,2.958874786188852,2.7192651619752715,3.0
audio_584.wav,3.0,2.552145517704018,2.6895303595118385,2.7192643874760876,2.633832008617904,2.5
audio_345.wav,5.0,4.755760122871101,4.718795777052721,4.755760122871101,4.8241587434651,4.5
audio_750.wav,4.0,4.275448333460021,3.9718068677692067,4.244879152172661,4.019187388620414,4.0
audio_116.wav,3.0,3.5117668716650354,3.414395522611719,3.4728495241345536,3.434465916723059,3.5
audio_114.wav,2.5,3.06803278660893,2.976424395175153,2.911061824681691,2.939632596640535,3.0
audio_157.wav,3.0,3.553118807643181,3.5264781671881096,3.553118807643181,3.55334905487976,3.5
audio_385.wav,4.5,4.50195876776162,4.559603428636539,4.50195876776162,4.627144427474665,4.5
audio_264.wav,2.5,3.0091963241673074,2.4269520188021487,3.0091963241673074,2.353949539798433,2.5
audio_390.wav,5.0,4.803179812283591,4.710413769076615,4.61764772586964,4.794817482642553,4.5
audio_766.wav,4.5,3.9232379211471002,3.8774762117840753,3.8317145024210504,3.927453833721123,4.0
audio_571.wav,2.0,2.242769397250999,2.354634086959871,2.3976753383005933,2.305307987208287,2.5
audio_393.wav,4.5,4.784460109034348,4.769079602541728,4.784460109034348,4.8777528295390455,5.0
audio_691.wav,4.0,3.864831115362902,3.9435515706047832,3.864831115362902,3.970494246501124,4.0
