label,clips,mae,rmse,mean_prediction
0.0,37,0.0945945945945946,0.21747941810042,0.0945945945945946
1.0,1,2.0,2.0,3.0
1.5,3,1.0,1.0,2.5
2.0,102,0.7205882352941176,0.8328429929947133,2.7107843137254903
2.5,79,0.35443037974683544,0.49682536472887,2.7658227848101267
3.0,174,0.3103448275862069,0.44849685092245223,3.0689655172413794
3.5,64,0.390625,0.5519850541454905,3.296875
4.0,124,0.3951612903225806,0.5462482007056806,3.693548387096774
4.5,52,0.40384615384615385,0.5547001962252291,4.25
5.0,133,0.3684210526315789,0.5912901657818909,4.631578947368421
