repeat,fold,n_valid,selected,inner_optimal_weights,median_mae,inner_optimal_mae,weights_0.50_0.25_0.25_mae,weights_0.50_0.00_0.50_mae,weights_0.25_0.50_0.25_mae,weights_0.50_0.50_0.00_mae
1,1,154,"['wavlm_layer_09/RidgeCV', 'wavlm_layer_10/RidgeCV', 'wavlm_layer_10/SVR_RBF']","[0.5, 0.25, 0.25]",0.37195671170810457,0.36706484962900804,0.36706484962900804,0.36333170790382213,0.3657491474761037,0.374600171656487
1,2,154,"['wavlm_layer_09/SVR_RBF', 'wavlm_layer_07/SVR_RBF', 'wavlm_layer_10/SVR_RBF']","[0.25, 0.5, 0.25]",0.40684093137072214,0.4073821492820777,0.40717794947019886,0.41223144394250133,0.4073821492820777,0.40741649224160953
1,3,154,"['wavlm_layer_09/SVR_RBF', 'wavlm_layer_10/SVR_RBF', 'wavlm_layer_08/SVR_RBF']","[0.25, 0.5, 0.25]",0.4194265344951803,0.4222982224757835,0.41901796320437945,0.4229015934638516,0.4222982224757835,0.41733193689926973
1,4,154,"['wavlm_layer_07/SVR_RBF', 'wavlm_layer_09/SVR_RBF', 'wavlm_layer_10/RidgeCV']","[0.5, 0.0, 0.5]",0.4204962469525936,0.42831772585237426,0.41794004714199195,0.42831772585237426,0.41899984303396387,0.4123500748251837
1,5,153,"['wavlm_layer_09/SVR_RBF', 'wavlm_layer_08/SVR_RBF', 'wavlm_layer_07/SVR_RBF']","[0.5, 0.0, 0.5]",0.40207718042053353,0.39274629681188555,0.3908682203883589,0.39274629681188555,0.3993658666928395,0.3919086122895528
2,1,154,"['wavlm_layer_09/SVR_RBF', 'wavlm_layer_07/SVR_RBF', 'wavlm_layer_07/RidgeCV']","[0.5, 0.25, 0.25]",0.45723851992368386,0.45017247632417384,0.45017247632417384,0.4552115164412047,0.4543820834307386,0.44723444157398523
2,2,154,"['wavlm_layer_10/SVR_RBF', 'wavlm_layer_09/SVR_RBF', 'wavlm_layer_09/RidgeCV']","[0.5, 0.25, 0.25]",0.3725712317774609,0.37405114026605,0.37405114026605,0.376070103253188,0.3737609604542287,0.3759175862478596
2,3,154,"['wavlm_layer_09/SVR_RBF', 'wavlm_layer_09/RidgeCV', 'wavlm_layer_10/SVR_RBF']","[0.75, 0.25, 0.0]",0.42741921210397316,0.4259034385824554,0.4252856636405032,0.4268978652681707,0.4276388497767971,0.4275507077707949
2,4,154,"['wavlm_layer_09/SVR_RBF', 'wavlm_layer_08/SVR_RBF', 'wavlm_layer_10/SVR_RBF']","[1.0, 0.0, 0.0]",0.4067271804233925,0.41569696050408483,0.4120729253314619,0.4057590837999283,0.4167531368064196,0.4206975337224434
2,5,153,"['wavlm_layer_07/SVR_RBF', 'wavlm_layer_09/SVR_RBF', 'wavlm_layer_07/RidgeCV']","[0.25, 0.5, 0.25]",0.3844966422713729,0.3763630382281981,0.3819168653315968,0.39334361060693124,0.3763630382281981,0.37881276340502984
3,1,154,"['wavlm_layer_09/SVR_RBF', 'wavlm_layer_10/RidgeCV', 'wavlm_layer_07/SVR_RBF']","[0.25, 0.5, 0.25]",0.42123608907468185,0.42620796006680267,0.41806784590265955,0.4166616648115579,0.42620796006680267,0.4291760412809369
3,2,154,"['wavlm_layer_09/SVR_RBF', 'wavlm_layer_09/RidgeCV', 'wavlm_layer_07/RidgeCV']","[0.5, 0.0, 0.5]",0.3964058357193102,0.3881026204207766,0.3939524627694576,0.3881026204207766,0.40155745510419666,0.40219952920657526
3,3,154,"['wavlm_layer_09/SVR_RBF', 'wavlm_layer_08/RidgeCV', 'wavlm_layer_08/SVR_RBF']","[0.5, 0.5, 0.0]",0.42589779648674064,0.41301621583110304,0.41496774917299806,0.41869964522898606,0.4215506029312653,0.41301621583110304
3,4,154,"['wavlm_layer_07/RidgeCV', 'wavlm_layer_07/SVR_RBF', 'wavlm_layer_09/SVR_RBF']","[0.5, 0.25, 0.25]",0.4111364155675981,0.40941771590803894,0.40941771590803894,0.4071827122378538,0.40579970318022957,0.41432896681325254
3,5,153,"['wavlm_layer_09/RidgeCV', 'wavlm_layer_09/SVR_RBF', 'wavlm_layer_10/RidgeCV']","[0.0, 0.5, 0.5]",0.41087735147706467,0.39719492993200267,0.41496442028370395,0.4239052688877769,0.4020608784980239,0.40723258179564437
