feature_set,model,cv_rmse,cv_rmse_std,cv_mae,oof_pearson,oof_spearman
acoustic+language,LightGBM,0.6744105143579461,0.004109703688358482,0.526763295098387,0.8440028879345799,0.7762586308474422
acoustic+language,ExtraTrees,0.6804986361089798,0.0007825740034535436,0.5446797531322889,0.8403359106683426,0.7727710809192792
acoustic+language,HistGradientBoosting,0.6825948276660488,0.00672001001365015,0.5346289051408433,0.8427298997403478,0.774645409241676
acoustic+language,RandomForest,0.7086062753413197,0.0027547249539196534,0.5604853561851525,0.8240698550987308,0.7418935049643722
acoustic+language,Ridge,0.7123277668863519,0.012235206760477641,0.5631545476439678,0.8230886420753918,0.7525425357146206
acoustic,ExtraTrees,0.7695361207427253,0.003761297864172163,0.622973280079262,0.7891494193330912,0.6917529582459296
acoustic,LightGBM,0.7762527370086719,0.003927406595707367,0.6204847699441238,0.787532826714477,0.6832349067397775
acoustic,HistGradientBoosting,0.7819009244894369,0.00518166856247175,0.6254763168226306,0.7879129069441,0.6871160896381561
acoustic,RandomForest,0.8030347238665257,0.0006314705339398252,0.6534735162307433,0.7662139905190011,0.651801457667867
acoustic,Ridge,0.8657107114353163,0.012273122644963658,0.6909608978249602,0.7227674818156277,0.5780700194950639
