filename,label,outer_single_prediction,outer_weighted_blend_prediction
audio_192.wav,3.0,3.0247679753491847,3.244436603578685
audio_436.wav,3.0,3.0635576497925303,2.9948556283329255
audio_447.wav,3.5,3.5625807298927468,3.4377534559291663
audio_126.wav,2.0,2.5930869700041614,2.3131657773678467
audio_61.wav,2.0,3.3107077845798663,3.055048253914469
audio_639.wav,2.5,2.6899127177955404,2.5612204507167076
audio_703.wav,2.0,2.6225135425927646,2.72700171125474
audio_509.wav,3.0,3.809896487408637,3.528845500186681
audio_672.wav,4.0,4.040631645996334,3.783005291132142
audio_344.wav,4.0,4.297950024752106,4.005849468459092
audio_592.wav,5.0,4.2186099089042575,4.340567316659647
audio_705.wav,3.0,3.1836416798918123,3.0827701587240712
audio_497.wav,2.0,2.9877445521439014,2.799770463748164
audio_702.wav,3.0,3.6347419303087896,3.3769827250780247
audio_598.wav,2.0,2.6002767822430277,2.6312780688437427
audio_99.wav,3.5,2.938152760897826,2.860640773719491
audio_194.wav,4.0,3.6309654167593757,3.8405908694703745
audio_5055.wav,0.0,0.01648070651724864,0.00549356883908288
audio_178.wav,3.0,2.3467443615487493,2.253127171511735
audio_609.wav,5.0,4.582586626810997,4.376790909145829
audio_77.wav,4.0,3.5707718504989727,3.553154387881894
audio_18.wav,4.0,3.642786510214613,3.5372434595443725
audio_9.wav,4.0,3.8509769518701726,4.064975093872793
audio_138.wav,2.0,2.6786879304148496,2.640416651827012
audio_269.wav,4.0,3.3369539645390534,3.276322774759146
audio_717.wav,4.5,4.218692749285598,4.144186430928463
audio_529.wav,3.0,3.2888327945838296,3.142669912980611
audio_578.wav,4.0,3.674214567586378,4.0541478809004055
audio_171.wav,2.0,2.338272829413432,2.4740103253058945
audio_596.wav,3.0,3.585755239575288,3.5326113026408277
audio_5066.wav,0.0,0.0,0.004410274966021555
audio_501.wav,3.0,3.1979483142686997,3.0632434982050682
audio_8.wav,2.0,3.1566138055003257,3.192328316112369
audio_84.wav,2.5,2.6328807690872518,2.650697919828306
audio_11.wav,3.0,2.7487961511558585,2.833910886822032
audio_142.wav,2.5,3.1279078333315304,2.963581594854161
audio_610.wav,5.0,4.526160929669698,4.496273680318037
audio_654.wav,3.0,3.2002860545116723,3.2896400234773555
audio_170.wav,2.5,4.154242634605465,3.927326358441044
audio_255.wav,4.5,3.848256166065214,3.6827856723632095
audio_162.wav,3.0,3.298296230842296,2.972653412999725
audio_5069.wav,0.0,0.0,0.0
audio_769.wav,3.0,4.180403728395571,3.954187342707827
audio_720.wav,3.0,3.7415576985055408,3.724791029958834
audio_623.wav,3.0,2.9805720260267905,2.9781252978618347
audio_718.wav,4.5,3.59499613974615,3.837335112025439
audio_136.wav,3.5,1.1530427197558197,1.4138853915909029
audio_119.wav,2.0,2.702763569881332,2.6260543020930225
audio_542.wav,3.0,2.629149301942232,2.5387813604687883
audio_5073.wav,0.0,0.0,0.00909796016503997
audio_322.wav,4.0,3.576973338853236,3.7356574277237407
audio_5039.wav,0.0,0.0,0.0
audio_707.wav,3.0,3.199585300787294,3.169658916239875
audio_148.wav,3.5,3.6052403386280907,3.5731954089089912
audio_316.wav,2.0,2.2540272361659444,2.2718319606533197
audio_647.wav,4.5,4.420010846428693,4.6023176952396785
audio_286.wav,5.0,4.338736358847154,4.466815563505429
audio_92.wav,4.0,3.0342877289331045,3.0340376651254823
audio_462.wav,3.5,3.3668352810138256,3.813126856885779
audio_376.wav,5.0,4.634457727535332,4.77664792305155
audio_76.wav,4.0,3.6005886229107036,3.632764748225728
audio_105.wav,2.0,2.302751505484102,1.7404310355263453
audio_355.wav,3.0,2.7918828029669513,2.542495264835927
audio_663.wav,3.0,3.176725146833604,3.0872897393987757
audio_767.wav,4.5,3.437380815623625,3.4208327546749473
audio_655.wav,5.0,4.542793686967646,4.474495787018717
audio_372.wav,5.0,4.928664976962945,4.75676076613695
audio_667.wav,5.0,5.0,4.937325159708658
audio_517.wav,2.5,2.7489975506270903,2.750410435300992
audio_765.wav,5.0,4.648060255485134,4.665547595288284
audio_38.wav,4.0,3.4855251104144442,3.6311237482131604
audio_371.wav,5.0,4.91493612349755,4.867720827872078
audio_507.wav,3.0,2.8232684028768973,2.893426766006712
audio_5056.wav,0.0,0.04004642624517503,0.30814302519922976
audio_282.wav,5.0,3.722553530441302,3.7851926210832194
audio_459.wav,3.0,3.025976558184655,3.357915499353305
audio_303.wav,5.0,4.975225531109641,4.937193697128057
audio_297.wav,4.5,4.5328152425942125,4.769580388408491
audio_432.wav,3.5,3.0961996152599838,2.9836450851156022
audio_454.wav,3.5,3.0448193164212944,2.9040927285615235
audio_482.wav,2.0,2.739790702897017,2.8891413904204586
audio_484.wav,2.0,2.601207478532871,2.7530503149136667
audio_757.wav,4.0,3.7819877816301,3.8862012420757917
audio_773.wav,3.0,3.2605560428120306,3.2897733598557415
audio_668.wav,5.0,4.922151952957487,4.946125540942742
audio_240.wav,5.0,3.9975316549138293,4.285658448111863
audio_163.wav,2.0,2.640708856012314,2.604850650003442
audio_659.wav,5.0,5.0,4.908566038632689
audio_532.wav,3.5,3.0930569177022265,2.939205834259985
audio_464.wav,2.0,2.708730975919808,2.472694673007971
audio_5.wav,2.5,3.219256649671121,3.279623008960003
audio_231.wav,3.5,3.357822568190324,3.4508138376699273
audio_384.wav,5.0,4.938762824711069,4.980439465255391
audio_54.wav,4.0,3.2752237009184073,3.35143608752524
audio_656.wav,5.0,3.9383316054013693,4.192827539873061
audio_444.wav,3.0,2.899929088167304,3.2367487393654644
audio_5062.wav,0.0,0.009863816916226148,0.14092210240407765
audio_312.wav,4.5,4.352241843901064,4.172298786808469
audio_120.wav,2.5,2.598397977360301,2.7505536761867653
audio_446.wav,3.0,3.242281913645942,3.1935765216772447
audio_546.wav,2.5,3.1039781775647683,2.9643664355571007
audio_430.wav,4.0,3.2446511586166142,3.0963249238612875
audio_179.wav,2.0,2.3808173642536294,2.221671264086803
audio_674.wav,4.0,4.193383018494596,3.9464913797459324
audio_737.wav,3.5,3.2789903963258125,3.407939340184776
audio_669.wav,3.0,3.294396056765521,3.19937111736016
audio_540.wav,4.0,3.180580965235298,3.364957621243582
audio_692.wav,4.0,3.2446328930555794,3.2080647371284554
audio_572.wav,2.0,2.895231629771382,2.7151222440167144
audio_479.wav,2.0,3.0225694301683257,3.20051719468274
audio_419.wav,3.0,2.698366724888425,2.7090896355133953
audio_5037.wav,0.0,0.1472102625029922,0.30737183661951084
audio_433.wav,3.0,3.0837719588617483,3.030641766084075
audio_405.wav,5.0,4.613570136180732,4.738469919798574
audio_267.wav,4.0,4.030463636674727,3.8966052245310587
audio_358.wav,5.0,4.902645733223574,4.8897112013176525
audio_331.wav,5.0,5.0,5.0
audio_487.wav,2.5,2.6838216980813288,2.7607810111855433
audio_494.wav,3.0,2.865392250404383,2.8505639929215434
audio_536.wav,2.5,3.5719241709777276,3.3694814015071946
audio_634.wav,4.0,2.9118915006971404,2.9663543996768995
audio_317.wav,3.5,4.643741358240038,4.380478059108283
audio_5054.wav,0.0,0.0,0.0
audio_723.wav,5.0,4.771351875473712,4.865874646972992
audio_155.wav,3.5,4.172403392525694,4.097115828322804
audio_410.wav,2.0,2.7509264505814697,2.463376510330777
audio_251.wav,2.0,3.3118512889396547,2.9496613676060828
audio_779.wav,5.0,4.702367338559518,4.842256888959096
audio_382.wav,4.0,4.587344916854261,4.47134135924323
audio_559.wav,3.0,3.4828370026192617,3.5493685112486846
audio_161.wav,3.0,3.0625096828763336,3.061384627281111
audio_535.wav,2.5,3.564182637000335,3.6390453401134844
audio_363.wav,5.0,4.426025430299907,4.744776627954779
audio_5057.wav,0.0,0.0538413891532974,0.5614682591406586
audio_660.wav,4.5,4.60069612867653,4.579751080490711
audio_293.wav,5.0,4.933593662526274,4.972916763211676
audio_74.wav,4.0,3.47540588284911,3.262406471264865
audio_215.wav,4.0,4.304777277951378,4.295693825281191
audio_228.wav,3.0,3.0368806168702074,3.3491008068739894
audio_602.wav,2.0,2.664122673430113,2.749738324256815
audio_396.wav,2.0,3.4892966820454188,3.4275077133581524
audio_576.wav,2.0,2.6998698686409988,2.9388944794316063
audio_5040.wav,0.0,0.1453876869658533,0.09463874078590015
audio_198.wav,4.0,3.1737119309758577,3.4649229904787946
audio_600.wav,2.0,2.4327650885349374,2.752230646248651
audio_710.wav,4.0,3.837058463408481,4.02913779082904
audio_246.wav,3.0,3.4311196784288773,3.5440153005292014
audio_490.wav,2.5,2.5265657288093912,2.4799197404426234
audio_657.wav,5.0,4.72946890187451,4.682167001061392
audio_688.wav,5.0,3.1744249705867604,3.6110890416171264
audio_698.wav,5.0,4.599913513178344,4.711660648207808
audio_499.wav,2.5,2.7547309309637273,2.6314961921307756
audio_463.wav,4.0,3.141112978620544,3.5440015171515826
audio_604.wav,4.5,4.195926222149011,4.249976101222119
audio_97.wav,4.0,4.185803457094708,3.898631936726775
audio_234.wav,3.0,3.152149156430558,3.347614178758537
audio_782.wav,5.0,4.869663497755505,4.9524218001586595
audio_758.wav,4.0,3.408198641565277,3.4583428347118206
audio_727.wav,4.5,4.438367931698576,4.304624070659817
audio_643.wav,4.0,2.9421505181094862,3.1401475791750784
audio_261.wav,3.0,3.685099030397203,3.202564931283612
audio_205.wav,4.0,3.763482789444336,3.4439428005320476
audio_128.wav,2.0,3.7522108111628745,3.6864630450429097
audio_650.wav,5.0,4.635429659545053,4.6339936684301914
audio_35.wav,2.0,2.9396536863940357,3.1961028591591014
audio_141.wav,3.0,3.9062625410557277,3.7121156928798342
audio_260.wav,3.5,3.33305881987926,3.7258886533738416
audio_722.wav,5.0,4.7567529019490316,4.82318578372726
audio_5047.wav,0.0,0.0,0.2400554021199544
audio_324.wav,5.0,4.884270438487759,4.72371210817554
audio_279.wav,5.0,4.949429297649837,4.980727410957306
audio_450.wav,3.0,3.0066489193965324,2.9488619728917165
audio_32.wav,2.5,3.5069094540467183,3.326782156300217
audio_254.wav,3.5,3.588059820013996,3.445382398043963
audio_544.wav,2.0,2.5862869444343697,2.790166252601148
audio_176.wav,4.5,4.040678939450125,4.155788650053276
audio_301.wav,4.5,4.028376127587529,3.9525533168372564
audio_213.wav,5.0,4.328713180495758,4.466909605395536
audio_295.wav,5.0,4.909555696898773,4.837599014072036
audio_40.wav,3.0,4.063990888977975,3.9920123382533688
audio_496.wav,2.5,2.326005795286408,2.449897552131163
audio_45.wav,2.5,2.9619311680713025,2.775963629637979
audio_146.wav,3.0,4.129071027631873,3.821100798696922
audio_415.wav,2.5,3.16405091790262,3.0160222136536867
audio_595.wav,3.0,3.589260497487141,3.5593234949301857
audio_783.wav,4.0,3.9325444119738044,3.843936062580232
audio_673.wav,5.0,4.037598404495433,4.534259729038039
audio_48.wav,2.5,2.8752999105655737,2.6507328755464385
audio_777.wav,4.5,4.578817562791187,4.690649931044109
audio_330.wav,3.0,2.872408230286353,2.708583305803412
audio_200.wav,3.0,3.327779992523356,3.280440688080235
audio_259.wav,4.0,3.1141131464379614,3.1300957892108463
audio_721.wav,3.0,3.9770632568792124,3.9435299265168204
audio_223.wav,5.0,4.576722098977878,4.731502154468951
audio_175.wav,4.0,4.110838542697085,4.187008630764023
audio_400.wav,4.0,3.2296894655401736,3.383580493722284
audio_506.wav,2.0,2.790683098803719,3.004330779735768
audio_153.wav,3.0,3.409865826757631,3.483645731288571
audio_5050.wav,0.0,0.0,0.0
audio_281.wav,4.5,4.274945250670014,4.629473110154649
audio_543.wav,3.0,3.55625677068159,3.3930716122224007
audio_445.wav,3.0,2.8285067473887042,2.952438124096351
audio_124.wav,2.0,2.854419342618739,2.682895591901416
audio_249.wav,2.0,2.977674986499364,3.0346950678865587
audio_420.wav,2.0,2.985621068615742,2.853208463182596
audio_203.wav,5.0,4.364182637506829,4.651657535185494
audio_278.wav,5.0,3.929982001043401,3.7559178270675453
audio_516.wav,2.5,2.636900625811064,2.5958549541663185
audio_326.wav,4.0,3.3671159627390166,3.2289331229819735
audio_603.wav,4.5,4.449032263399469,4.404216700551152
audio_199.wav,4.0,3.6889363761781,3.696885135975072
audio_406.wav,2.5,3.9039059364727766,3.7672131460150204
audio_538.wav,4.0,3.401291406715486,3.1702193776543224
audio_631.wav,5.0,4.362591587053093,4.426367904818912
audio_5061.wav,0.0,0.0,0.0083570783710406
audio_196.wav,4.0,3.98132905024793,4.159100321809461
audio_756.wav,4.0,4.030913078747774,3.923211264278971
audio_649.wav,5.0,4.812291232186904,4.759608001421593
audio_27.wav,2.0,2.951029188134486,3.1145100634277583
audio_681.wav,5.0,4.093747301060226,4.175762687334075
audio_556.wav,2.5,3.068371574730942,2.919351257439167
audio_185.wav,3.0,3.0426500788858584,3.1406507186667945
audio_369.wav,5.0,4.695771380415687,4.619229302173678
audio_241.wav,4.0,4.190435884863064,4.35679193573169
audio_98.wav,2.5,2.616459636356489,2.0786900914410023
audio_389.wav,5.0,4.6383371851852075,4.509489163293091
audio_357.wav,5.0,3.190329833393548,3.2476633896186518
audio_112.wav,3.0,2.7680664441050573,2.8808638771202553
audio_675.wav,4.0,4.437246013459467,4.219276076852092
audio_113.wav,4.0,3.7392971891128823,3.853223499787915
audio_483.wav,2.0,2.9123090650814856,2.751572180854644
audio_474.wav,2.0,2.9232701300443553,2.943184272845701
audio_725.wav,4.5,3.9156341726292956,3.8047327689551955
audio_774.wav,3.0,3.2695711147624094,3.5620594384569793
audio_588.wav,2.5,2.8481432068661414,2.9206838554054846
audio_395.wav,3.0,3.681783335429083,3.827896864458784
audio_210.wav,5.0,4.756679000098876,4.860228635066331
audio_309.wav,3.0,2.7770568204125627,2.8309099265145212
audio_457.wav,3.0,2.980976524897919,2.849036741601516
audio_492.wav,2.5,2.835264577148453,2.623544625829579
audio_738.wav,5.0,3.8981221007267703,3.7627129127514354
audio_305.wav,5.0,4.820793177077784,4.8996592653743525
audio_123.wav,3.5,2.6888992759288692,3.1328516324680518
audio_5053.wav,0.0,0.0,0.0015105701779088182
audio_89.wav,2.5,2.3672526071790263,2.541323010534043
audio_747.wav,3.0,2.8625984724003106,2.8991956849911773
audio_115.wav,2.0,2.261022003166215,2.49707330760376
audio_235.wav,3.0,2.8441396051565033,3.1403758310438876
audio_414.wav,3.5,2.623173534952182,2.205195326397483
audio_56.wav,2.0,2.949851329385212,2.9758302842738695
audio_43.wav,3.5,3.4828709113757794,3.711373262266757
audio_394.wav,5.0,5.0,5.0
audio_423.wav,3.0,3.460418721967417,3.208457847821526
audio_579.wav,4.0,4.069435993728594,4.046508676679301
audio_172.wav,3.0,2.745171532035677,2.8817806213198742
audio_144.wav,5.0,3.3805226746657744,3.5464404858343737
audio_151.wav,2.5,2.921321081720944,2.731383474360849
audio_65.wav,1.5,2.6369662413110464,2.7281658167754714
audio_481.wav,2.0,3.30160481722251,3.208218068376174
audio_262.wav,4.0,3.635786269037051,3.6363568402006172
audio_229.wav,4.5,4.440384040240588,4.0808615606313765
audio_22.wav,4.0,3.8363479445959996,3.7895012267187864
audio_434.wav,3.5,3.2424241111105956,3.2559945665718906
audio_488.wav,3.0,3.054046745911516,3.0915977093546188
audio_439.wav,3.0,3.202463912883568,3.2957014589807074
audio_160.wav,2.0,2.7132624638580114,2.4351272901943695
audio_594.wav,3.0,3.428016515930803,3.69601899146561
audio_651.wav,5.0,4.890505271439616,4.675320484612547
audio_569.wav,3.0,2.6868606657844016,2.4267203519259635
audio_440.wav,2.0,2.324604640328486,2.2843545542070864
audio_658.wav,5.0,4.533704174274288,4.7446958826735495
audio_274.wav,3.0,3.41053498937498,3.3496765665211745
audio_5065.wav,0.0,0.12910567847684543,0.10861436477302308
audio_158.wav,2.5,3.1188978034844714,3.2936944519483307
audio_493.wav,4.0,4.030156538607384,3.741471452483249
audio_646.wav,4.5,4.232562666785415,4.372745095816089
audio_64.wav,2.5,2.5271588606667756,2.2345655720218303
audio_451.wav,2.5,2.2874952569144433,2.413946952925041
audio_277.wav,3.5,3.7588447483549023,3.522041702708596
audio_491.wav,2.5,2.5538892881646182,2.628634215157059
audio_52.wav,2.0,3.140842697710087,3.2930326958314313
audio_743.wav,4.0,3.5860652242483444,3.6609053924208292
audio_243.wav,3.0,2.69437425869586,2.312322173551567
audio_661.wav,5.0,4.628651088346151,4.507517141193461
audio_456.wav,3.0,2.8143704856008913,2.8560687845392536
audio_90.wav,4.0,3.621492676266535,3.618099495071189
audio_735.wav,4.0,3.4470129228811786,3.5147717936581966
audio_775.wav,4.5,4.287426493800194,4.444618993387843
audio_587.wav,2.5,2.456090715423264,2.59228279378251
audio_103.wav,2.5,2.4698588419753693,2.5241755055523445
audio_111.wav,3.5,4.03673044334492,4.151546817521399
audio_421.wav,2.0,2.802444441885168,2.5751375139389907
audio_683.wav,4.0,3.8683061074905924,4.170484362524439
audio_152.wav,3.0,3.164505391791756,3.04938111079709
audio_134.wav,3.0,2.013398022382355,2.1755704882725526
audio_12.wav,4.5,3.229113507323438,3.350463765878041
audio_232.wav,3.0,2.9480459165322936,3.107545735850433
audio_36.wav,3.0,3.1206855798652913,2.9957205410467616
audio_268.wav,5.0,3.4187013046083856,3.7446316249613103
audio_68.wav,2.0,2.1582197427271934,1.696236258751918
audio_729.wav,3.0,3.255990612929622,3.0364035658788215
audio_247.wav,4.5,3.7894800049478063,4.040704829499743
audio_224.wav,5.0,3.6004906663961003,4.0362943220104395
audio_425.wav,3.0,2.7723589073687016,2.657615298164182
audio_392.wav,5.0,4.5367044449612965,4.666128360829838
audio_615.wav,4.0,3.4933817859009455,3.4813499123577416
audio_245.wav,3.5,3.65201066106422,3.8758025463913865
audio_271.wav,3.5,3.436241814480371,3.303666714411693
audio_321.wav,2.0,4.288690709205574,4.115351110169785
audio_5043.wav,0.0,0.0,0.08494937419891357
audio_187.wav,5.0,4.875945786205848,4.922738967176416
audio_221.wav,4.0,4.320302041912002,4.3592409062830715
audio_219.wav,5.0,4.771083264471714,4.799419069373629
audio_601.wav,2.0,2.8995418074235904,2.961400531540998
audio_100.wav,2.5,2.7188808328840897,2.5272862825064513
audio_227.wav,4.5,4.101760870838036,4.135017971025862
audio_411.wav,2.0,2.5244751614982883,2.606351972800077
audio_28.wav,3.0,3.1970976007825125,3.2430536884238603
audio_653.wav,2.5,3.0390243821786758,3.1496358162852633
audio_29.wav,3.0,3.7195302413478046,3.5720698127172
audio_470.wav,2.5,2.563394587796083,2.5847785824325045
audio_356.wav,3.5,3.7873063445683215,3.7037711130001902
audio_365.wav,2.0,2.3194709861314395,2.3634301417860772
audio_58.wav,2.5,3.1679693287105506,2.9992916584829312
audio_708.wav,3.0,3.6941714278842808,3.751062144240879
audio_319.wav,4.5,4.98401001308197,4.947105069981913
audio_5067.wav,0.0,0.0,0.0022196670846826813
audio_135.wav,4.0,3.4377689816840613,3.4985462239579026
audio_612.wav,4.0,4.136362700659422,4.120924337320673
audio_373.wav,5.0,4.888214230306736,4.923916801745971
audio_680.wav,5.0,4.325057159594929,4.407298849595065
audio_63.wav,4.0,3.967138173991511,4.128061873717732
audio_700.wav,2.5,2.9810431700881477,2.8788167161848817
audio_429.wav,4.0,3.526927497205705,3.5525060390150776
audio_745.wav,5.0,4.690999235800548,4.842189682893111
audio_731.wav,2.0,2.939324024821176,2.9056180061012986
audio_461.wav,5.0,3.410575091782401,3.44478006211936
audio_79.wav,2.0,2.324109305917835,2.4703565296308483
audio_5038.wav,0.0,0.0,0.059711567182348727
audio_760.wav,4.0,3.9580305662519946,4.057518034066729
audio_72.wav,2.0,2.229778337616691,2.426185412552588
audio_696.wav,5.0,5.0,4.823060830434163
audio_744.wav,4.0,3.8928390118280256,4.19256346296871
audio_662.wav,5.0,4.7320702395012155,4.756257767394061
audio_570.wav,3.0,2.581270314880327,2.4187158917315585
audio_10.wav,3.0,2.825613066095468,2.7206632304353113
audio_628.wav,2.5,3.26708746937778,3.256410315011423
audio_606.wav,3.5,2.6009440585736745,2.6513929021951244
audio_73.wav,4.0,3.1875458724416754,3.250743833368058
audio_605.wav,4.0,3.441322168038309,3.389519817890915
audio_106.wav,3.5,2.7321806615336572,2.8770729214922484
audio_306.wav,5.0,4.084076351042073,4.506223663197634
audio_75.wav,2.0,2.867307642479985,2.8516289071951615
audio_550.wav,3.5,4.015989907469276,3.539197249337463
audio_340.wav,5.0,4.316733978065881,4.420770421251221
audio_272.wav,3.0,3.4848951053059487,3.3777720103976336
audio_518.wav,3.5,2.5761498587843605,2.5494321114309333
audio_34.wav,2.0,2.696430524520399,2.5802255190808734
audio_87.wav,2.0,2.764606083432609,2.6671284983813
audio_211.wav,5.0,4.72648623495789,4.831841963719134
audio_431.wav,3.0,3.1368182211413007,3.0661513938797302
audio_555.wav,5.0,3.435217130940675,3.5199311608344193
audio_648.wav,5.0,4.092182099566673,4.316809609133289
audio_5051.wav,0.0,0.0,0.0048811300350218596
audio_422.wav,2.0,2.6956224435382543,2.680000489474857
audio_627.wav,2.5,3.4840733023349295,3.51558485555469
audio_122.wav,5.0,3.4204744703944225,3.661146211099438
audio_88.wav,3.5,3.2515986157902117,3.41207092864734
audio_165.wav,2.5,2.2628173317940607,2.0983038198029087
audio_276.wav,3.5,3.4697781100958416,3.5534747907965
audio_746.wav,5.0,4.7427065206993335,4.86582594245031
audio_252.wav,3.5,2.845419273836274,2.832625067613483
audio_266.wav,4.0,3.373432923088526,2.8253718167797555
audio_611.wav,4.5,3.226999168380156,3.2029066033769173
audio_5058.wav,0.0,0.05480993294028648,0.0244104738591924
audio_81.wav,3.0,3.549275841667626,3.647490408509733
audio_3.wav,3.0,3.024409226661809,2.799116187931065
audio_21.wav,2.0,2.970035185950306,2.754070324837714
audio_190.wav,3.0,2.911323219265313,2.9585748597485777
audio_189.wav,5.0,4.416993514233485,4.354295523427525
audio_519.wav,3.0,2.8435852035071125,2.845689397313759
audio_748.wav,2.5,2.675104517512675,2.646439563831933
audio_505.wav,3.0,2.6675241803317493,2.6568733680445127
audio_361.wav,4.0,3.6585837566725457,3.218508758515537
audio_5052.wav,0.0,0.0001165216600749385,0.05498699708371991
audio_16.wav,4.0,4.189837358012906,4.015209014493765
audio_327.wav,5.0,4.952690783003317,4.988172695750829
audio_313.wav,3.0,3.4453904008941296,3.5771018308995313
audio_589.wav,2.5,2.4890034957227773,2.5578793906537762
audio_416.wav,3.5,2.9802952114228125,2.92038988430683
audio_762.wav,5.0,4.869789152961396,4.887949425263356
audio_714.wav,3.0,2.761084492106904,2.6706390963687894
audio_455.wav,3.0,3.0582085300477293,2.940540948788406
audio_42.wav,3.0,2.626620282624049,3.3320989422746496
audio_561.wav,4.0,3.5588885420697354,3.369755385686476
audio_226.wav,3.0,2.9991821284425937,2.7106195536987414
audio_110.wav,3.5,3.596056237589927,4.017579650432599
audio_739.wav,5.0,3.6987119210764834,3.879428495059622
audio_504.wav,3.5,2.5269653261891416,2.679619016596995
audio_379.wav,4.0,4.177803238715692,3.9894170059943366
audio_520.wav,2.5,2.674147957876496,2.4123851709328927
audio_5068.wav,0.0,0.005443880118643853,0.0835851262535372
audio_30.wav,2.0,2.7439664355354028,2.571075988376231
audio_5041.wav,0.0,0.0,0.0024098613507894987
audio_485.wav,3.0,2.6373263329488488,2.8588346161447804
audio_475.wav,2.0,2.0795135765864696,1.8472053638553585
audio_145.wav,4.0,4.293703989845231,4.194639480050784
audio_308.wav,5.0,4.395271198019122,4.416764947032114
audio_184.wav,3.0,3.24265951835128,3.227272945666968
audio_586.wav,2.5,2.6188817255137518,2.7944140911480098
audio_398.wav,3.5,4.360311798480995,4.516018778170559
audio_726.wav,5.0,4.100441639022092,3.9712285156196834
audio_466.wav,3.0,3.1620502873950946,3.103643416226184
audio_218.wav,5.0,4.33650412416893,4.567172760164404
audio_644.wav,3.0,3.8633530592926038,3.89498313381206
audio_351.wav,3.0,2.781572837984682,2.742645270098573
audio_248.wav,5.0,3.7134343283460547,3.7312607478645266
audio_83.wav,3.0,3.6530257289042876,3.4386932207634997
audio_71.wav,2.0,2.837224192468368,2.6196606516621137
audio_287.wav,5.0,4.3054823117554655,4.424001179374228
audio_367.wav,2.0,2.749236664881325,2.6613139346802175
audio_166.wav,3.0,3.0609577180725034,3.1561718608706286
audio_94.wav,2.0,2.8712800706560597,2.7995137781256463
audio_108.wav,1.0,2.8040584296567506,2.8139114105425254
audio_511.wav,4.0,3.539558608965436,3.372373169714809
audio_5059.wav,0.0,0.0,0.0002201672495782855
audio_310.wav,5.0,4.361792935454794,4.41985775005951
audio_50.wav,3.0,3.016370511914373,2.8496764839985813
audio_6.wav,3.0,3.3790671387626516,3.14546779527668
audio_515.wav,2.5,3.246827177321482,2.9848283718655084
audio_742.wav,4.5,3.7579349303893252,4.08783018175658
audio_545.wav,2.5,2.960901572224154,2.8671740490666853
audio_489.wav,3.0,2.6851764682377914,3.042297568105167
audio_697.wav,5.0,5.0,5.0
audio_225.wav,3.0,3.3306043848026827,3.3776969590002173
audio_553.wav,2.0,2.3794923070959153,2.349493219691473
audio_237.wav,3.0,2.980018182323648,3.447207060077451
audio_197.wav,4.5,4.528875126460838,4.491086981173245
audio_449.wav,4.0,3.454874023114972,3.403640897246807
audio_567.wav,3.0,2.6039223525334116,2.4972291749534503
audio_477.wav,2.0,2.404498125846104,2.4835050951682547
audio_728.wav,3.0,3.9696334390462025,3.7091235554529125
audio_377.wav,4.0,3.881331112575861,3.8858644553169013
audio_633.wav,5.0,3.0521855783178737,3.074404563568196
audio_690.wav,4.0,3.3141111659947,3.021994864570096
audio_525.wav,4.5,4.125993646951215,4.10893548229085
audio_31.wav,3.0,2.9572737639881668,2.6418273513795913
audio_676.wav,4.0,4.088590868112198,3.820115472114901
audio_263.wav,4.0,3.232387763364717,3.32604378626608
audio_5070.wav,0.0,0.001986676446915197,0.007624097702880949
audio_510.wav,3.0,3.8249601746327504,3.4815318519195353
audio_577.wav,4.0,3.416679556480599,3.7261488134247718
audio_230.wav,4.5,4.505847658380526,4.672908437374641
audio_314.wav,3.5,3.160956616675266,3.2764723251487475
audio_641.wav,4.0,2.914258182325107,3.088652460080781
audio_689.wav,4.0,3.5266494813455296,3.562930214176946
audio_352.wav,4.5,4.146836324168406,4.218812599825688
audio_193.wav,4.0,4.114607208827864,4.043903399570081
audio_5049.wav,0.0,0.1596841990584607,0.07260503866317473
audio_300.wav,5.0,4.9109795658594395,4.845752203382567
audio_581.wav,1.5,2.7992059331228547,2.683750746286479
audio_164.wav,2.5,2.2605053308680714,2.2401317298758876
audio_502.wav,3.0,2.9622416293411957,3.0283884668258763
audio_380.wav,4.0,3.850039394308464,3.7182924712460217
audio_15.wav,2.0,3.330349181553411,3.1831080268220138
audio_238.wav,4.0,3.0504549348002175,2.7299245762083757
audio_53.wav,3.0,2.864015867229284,2.905341517121269
audio_283.wav,4.0,3.73859709695372,3.879738787386005
audio_614.wav,4.5,4.496770638642678,4.215802332360289
audio_121.wav,2.5,3.0867543761264233,3.231453607008919
audio_216.wav,4.0,3.5565494107265816,3.7659550213088204
audio_552.wav,2.0,3.547332552478398,3.443261941622543
audio_514.wav,2.5,2.6940126313355273,2.8945400123095784
audio_593.wav,5.0,3.974611918602856,4.21011705179905
audio_565.wav,3.0,2.422836279152787,2.6068443333750113
audio_140.wav,3.0,3.3044031406129615,3.249768293764431
audio_117.wav,2.5,2.766822023153937,2.738485400661525
audio_495.wav,4.0,3.3134047704678626,3.295513406132368
audio_652.wav,3.0,3.4575132932483537,3.463587923228326
audio_645.wav,3.0,3.401027412855541,3.278231051118517
audio_242.wav,2.0,3.058082058356181,3.1296294386497188
audio_4.wav,2.5,3.0339879750791368,3.111566486352345
audio_93.wav,2.0,3.0010455836942973,3.115570983478219
audio_582.wav,2.0,2.5774297531499912,2.8190405990486367
audio_222.wav,5.0,4.743529669687791,4.839237539567339
audio_5042.wav,0.0,0.07997184281634756,0.21747091936518653
audio_253.wav,3.5,3.314805417647751,3.253044540829374
audio_167.wav,3.0,3.2929498631945973,2.8846753561895526
audio_583.wav,3.0,2.934406058368737,2.9552922358026983
audio_682.wav,5.0,4.500494843990315,4.684194102136335
audio_5045.wav,0.0,0.10897092313137399,0.07955047454802543
audio_173.wav,3.0,2.824735714290482,2.9212394678577525
audio_338.wav,5.0,4.899791165865631,4.908340219709482
audio_188.wav,5.0,4.955045080822503,4.985015026940834
audio_59.wav,3.0,2.6746730471566655,2.764609010703171
audio_318.wav,5.0,4.320549926833403,4.296287909958199
audio_17.wav,2.0,2.836134385432478,2.6879995258765286
audio_551.wav,2.0,3.010031237321463,3.1221159834678125
audio_275.wav,4.0,3.1275210037095564,2.9165335076045316
audio_368.wav,5.0,4.904405240962457,4.8938000540073165
audio_730.wav,3.0,3.003817502723357,3.0582324557595157
audio_5060.wav,0.0,0.04030240794763261,0.24398340690935275
audio_685.wav,3.0,3.3949625296326333,3.3706555855735476
audio_7.wav,3.0,2.7399261202607157,2.71321869058127
audio_204.wav,5.0,4.804749258728971,4.694661090056349
audio_5064.wav,0.0,0.0,0.0057323400883921675
audio_127.wav,3.5,3.612464869084291,3.4754549076185466
audio_412.wav,2.0,2.6373824132378734,2.5639215508017648
audio_132.wav,2.0,2.325613633892812,2.497964716903444
audio_156.wav,3.5,3.4908202410863316,3.5876233957536883
audio_426.wav,2.0,2.7627072263204844,2.778518399899767
audio_709.wav,4.0,3.8091239813632316,3.846983471669258
audio_291.wav,5.0,3.8972121372318083,3.95330761469803
audio_523.wav,3.5,3.1523455897288435,2.9675024285297056
audio_632.wav,4.5,3.369226685909129,3.1301863115265633
audio_684.wav,3.0,3.5676919803224965,3.317193927461828
audio_512.wav,2.5,2.800343101696824,2.7932471406672477
audio_764.wav,5.0,4.117731883585616,4.60387046317712
audio_585.wav,3.0,2.9777071436433524,2.8777024348180333
audio_562.wav,2.0,2.733725865966812,2.7313476033768973
audio_465.wav,3.5,3.418456436001329,3.101166521526838
audio_37.wav,3.0,3.2470647051673676,3.2740012267963143
audio_47.wav,3.0,3.452610138987509,3.614720713886549
audio_233.wav,3.0,2.988171927213407,3.0391963169961813
audio_621.wav,5.0,4.238207095256538,4.069880568539995
audio_590.wav,3.0,1.9888219932464286,1.988834851215213
audio_349.wav,3.5,2.8010363606861963,2.9368904660895785
audio_387.wav,5.0,4.458063044319019,4.50081613304525
audio_630.wav,3.5,3.4913424172770484,3.381150106348423
audio_5046.wav,0.0,0.0,0.06636121806363435
audio_183.wav,3.0,3.1147041370030486,3.0876802882628933
audio_607.wav,4.0,3.4965282659040615,3.598219718669557
audio_133.wav,3.0,2.5006386364852813,2.650439776140878
audio_443.wav,3.0,2.7236057116668797,2.901774344504031
audio_55.wav,2.0,3.6858742235454556,3.6289546689935355
audio_686.wav,3.0,2.7243202578812924,2.944396891390096
audio_740.wav,4.0,4.013751701879114,4.030703389801465
audio_699.wav,2.5,3.1542940128473207,2.9589240334154763
audio_44.wav,4.0,4.121518524742012,3.774581353037642
audio_500.wav,3.5,2.856627606264665,3.0634127152425905
audio_265.wav,2.5,3.169181675280513,3.1580915971591295
audio_125.wav,2.0,2.592404464717235,2.2544990557489695
audio_413.wav,4.0,3.4376551721646167,3.2470597587192556
audio_256.wav,4.5,3.9159190961890977,3.7841928443728805
audio_350.wav,4.5,4.0300808823582965,3.674254967650538
audio_364.wav,5.0,4.887388350484062,4.819707449222406
audio_131.wav,2.5,2.484277762727813,2.366014510907596
audio_168.wav,3.5,3.1427062152370184,3.1460327026382564
audio_557.wav,3.5,3.0699716465737996,2.9934471018183335
audio_670.wav,3.0,3.4128508383740193,3.544040417859874
audio_342.wav,4.5,4.862127979572431,4.9429127205724015
audio_2.wav,2.5,2.7832118755908044,2.6041356824425517
audio_5048.wav,0.0,0.04780081245146809,0.09397125620177985
audio_741.wav,4.0,2.957662639860189,3.052520781316493
audio_294.wav,4.0,3.8586968123226315,3.87312242145391
audio_370.wav,5.0,4.3986026616251825,4.292310402473053
audio_417.wav,3.5,2.94918399601218,2.9466915519107566
audio_753.wav,4.0,4.141477750107903,4.042064821813836
audio_533.wav,3.0,3.463933022074369,3.523829778990277
audio_239.wav,4.5,3.649605082030503,3.801779459559495
audio_566.wav,3.0,2.5781056962357534,2.439948064297428
audio_736.wav,4.0,3.6231030777699904,3.4240580707369452
audio_541.wav,2.0,2.87022459860464,2.6507651775370076
audio_531.wav,3.5,2.5458051228048704,2.6796631195672274
audio_280.wav,5.0,4.7658117249171355,4.692304043246332
audio_33.wav,4.0,4.178108653561649,4.049008951878764
audio_307.wav,5.0,4.758799342871932,4.896990011378428
audio_617.wav,4.5,3.0873849663418964,3.34872569168132
audio_613.wav,5.0,4.556935334543311,4.5415913599217
audio_472.wav,2.5,3.278040380182344,2.9422190579777867
audio_568.wav,3.0,2.308342151428673,2.1770665277885755
audio_521.wav,4.0,3.198069531479107,3.2430957223184516
audio_401.wav,5.0,4.1857448705588975,4.172837643365896
audio_573.wav,2.5,2.4865203195601966,2.3861727009187073
audio_180.wav,3.0,2.8666703597614624,3.1289131259678005
audio_320.wav,3.5,4.318047461545373,4.381828901936787
audio_85.wav,3.0,3.3933756501291814,3.501985338334265
audio_296.wav,2.0,2.7652706259775575,2.493320063809264
audio_250.wav,3.0,3.2007771097798456,3.42401844325902
audio_346.wav,5.0,4.663382959984181,4.785242741147707
audio_335.wav,4.0,3.452262587314902,3.346214193844454
audio_20.wav,2.0,2.4851317111558986,2.4260072316877266
audio_5071.wav,0.0,0.008301141034329784,0.002767047011443261
audio_558.wav,4.0,3.095875587922614,3.2697260052291894
audio_289.wav,2.5,2.73898893419417,2.472478597844949
audio_620.wav,5.0,5.0,4.864545861098237
audio_665.wav,3.0,3.447870603476634,3.1524542335390793
audio_751.wav,4.0,3.8074224735942823,3.814505649704788
audio_442.wav,2.0,2.4408788697379573,2.6403685486287385
audio_362.wav,5.0,4.837684083294007,4.955601761575943
audio_311.wav,3.5,3.396402693333605,3.3381622252104814
audio_724.wav,5.0,5.0,4.986950480127939
audio_39.wav,3.0,2.9047607024639577,3.128452070175332
audio_290.wav,2.0,2.5190916442030455,2.3061041313399686
audio_23.wav,2.5,3.4889829893386404,3.3710044509544654
audio_624.wav,3.0,3.6631457468197772,3.318804290606653
audio_206.wav,5.0,4.617659908373443,4.408600413670879
audio_288.wav,4.5,3.8109674065466086,3.935428874152689
audio_60.wav,3.0,3.498950218152264,3.4383040409520724
audio_80.wav,2.0,2.926449085725048,2.8206099674093688
audio_214.wav,4.0,4.268425335682129,4.1720017633203454
audio_599.wav,2.0,2.646117761473917,2.599910838740273
audio_5063.wav,0.0,0.06224938597576698,0.20017530421447968
audio_207.wav,4.0,3.8180266526998112,3.95968689569201
audio_438.wav,3.0,2.8922729062502777,2.8476568792989916
audio_332.wav,5.0,4.702362659617762,4.78679153627503
audio_159.wav,5.0,3.7079992153163666,3.7475252439034654
audio_478.wav,2.0,2.6283578791555526,2.816747010649862
audio_46.wav,3.0,3.7754593230086386,3.4576364255755148
audio_130.wav,3.0,2.929215507398202,3.05925001180888
audio_437.wav,2.5,2.725466800184719,2.5765380162199105
audio_771.wav,5.0,4.781268164167946,4.726059932625224
audio_759.wav,4.0,4.288878236571007,3.937161644528359
audio_25.wav,3.0,2.750334482914888,2.75527050984458
audio_191.wav,3.0,2.7492273227439914,2.6370396625915733
audio_182.wav,3.0,2.8400002713029413,2.9631395534250196
audio_236.wav,3.0,3.2471581524696416,3.2559239741542276
audio_24.wav,3.0,2.754724914235021,2.4322520320738183
audio_428.wav,3.0,3.088571314142258,3.290231182712715
audio_678.wav,5.0,4.772098388553107,4.708844091534607
audio_591.wav,2.0,2.3843529347200163,2.3621889276796657
audio_597.wav,2.0,3.448275634809038,3.0517722455438325
audio_580.wav,1.5,2.7924047568581747,2.5824815291375085
audio_19.wav,3.0,3.785882574310955,3.7419365213686584
audio_476.wav,2.0,2.680712516658528,2.633354633563101
audio_375.wav,3.5,3.370558174996623,3.1051775742003045
audio_642.wav,3.0,3.010740585922228,3.0916158762142154
audio_66.wav,2.0,2.882183347391234,2.6737081589562033
audio_186.wav,5.0,4.751572164523569,4.826016263611875
audio_713.wav,4.0,4.362424836937709,4.184822965249649
audio_354.wav,3.5,3.605091842725,3.5905981867789354
audio_768.wav,5.0,4.787956575813498,4.82337356297816
audio_14.wav,3.5,4.041802052977377,4.10855293590164
audio_208.wav,4.0,4.1451212111367655,4.087280080496157
audio_418.wav,2.5,3.1792074283710807,3.0432206284648333
audio_212.wav,5.0,4.554280241322116,4.7423023515181635
audio_177.wav,2.0,3.145980759391578,2.9929006048133857
audio_503.wav,2.5,2.402989222021134,2.4837583578291316
audio_564.wav,2.0,2.147574671703175,1.9896312626088344
audio_257.wav,4.5,4.2097833847779,4.178510226810334
audio_408.wav,4.0,3.5117010720628583,3.482668869314154
audio_468.wav,2.5,2.5635439534958833,2.6483240471220992
audio_574.wav,2.5,2.3470038459725675,2.5373801374003486
audio_26.wav,4.0,3.699457036045216,3.459277828497417
audio_480.wav,3.0,2.488104883992927,2.535514923955414
audio_706.wav,3.0,2.91644057208199,2.8055117476385503
audio_57.wav,2.5,3.3024266552290262,3.31190613673469
audio_209.wav,5.0,4.794640616092504,4.809026783664096
audio_712.wav,4.0,4.5129923219039725,4.296457327214167
audio_353.wav,3.0,3.1023944176966185,3.1870356895814353
audio_575.wav,2.0,3.044680243337826,3.0235390706443432
audio_383.wav,3.5,3.95410985693256,4.12097140179884
audio_781.wav,5.0,4.397480802790209,4.738757314432668
audio_118.wav,4.5,2.916501882638912,2.8592828762148867
audio_337.wav,5.0,4.8224497519196365,4.767451594251794
audio_715.wav,3.0,3.782404472280318,3.9405151951293638
audio_323.wav,3.5,3.41566148808767,3.4801695345857313
audio_374.wav,4.0,3.5125497578198552,3.72942172081885
audio_348.wav,3.5,3.2593191771051937,3.166486609817567
audio_547.wav,3.0,2.9870510812173556,2.7325625565146923
audio_41.wav,4.0,3.3053190438556834,3.38225899028283
audio_284.wav,4.5,4.179560237547469,4.338641787162563
audio_13.wav,3.0,3.2129782290354227,3.239654364096433
audio_548.wav,3.5,3.267102583469143,2.9652350361775563
audio_687.wav,4.5,4.75961287808376,4.7924357616155495
audio_104.wav,2.5,2.5294204891868155,2.4562231886917876
audio_181.wav,3.0,3.600778834151519,3.6138607013721167
audio_755.wav,4.0,3.6830234274684344,4.020241662790555
audio_733.wav,5.0,3.71454390337326,3.943481297316796
audio_5072.wav,0.0,0.40475711710359996,0.28944094867758563
audio_776.wav,4.5,4.622237446556564,4.497823230456952
audio_70.wav,2.0,2.415459743682003,2.2733357033730317
audio_49.wav,3.0,2.96646227241081,3.145477193024727
audio_527.wav,5.0,4.219659467309881,4.1363805909183045
audio_273.wav,3.5,3.162645880951403,3.2207645875090503
audio_139.wav,4.0,3.8187219811782867,3.961761046265255
audio_467.wav,3.0,3.1911169231456067,3.043854650068982
audio_407.wav,4.5,4.400711669408064,4.267500572080485
audio_404.wav,4.5,4.556927660231317,4.43177691137351
audio_534.wav,3.0,3.270497491304498,3.4127078900014762
audio_96.wav,3.0,3.673935540564573,3.5155436570912633
audio_137.wav,2.5,2.3798236798862864,2.5388095220273854
audio_150.wav,2.5,2.818067547760743,2.9194550790078226
audio_339.wav,5.0,4.919201065416921,4.909554064866727
audio_409.wav,5.0,4.688183099125841,4.744683281629642
audio_78.wav,2.0,2.6622156845950213,2.9572111447323026
audio_244.wav,3.5,4.183497512502558,4.036180723656948
audio_752.wav,4.0,3.8536392552716983,4.0446078885939984
audio_508.wav,3.0,3.32920527051131,3.258508309738644
audio_664.wav,2.5,3.241710436325229,3.49518868792764
audio_701.wav,2.5,2.7440552506140117,2.603209202030473
audio_5044.wav,0.0,0.548700140795456,0.3413202019658943
audio_734.wav,4.5,3.1940559887252538,3.318689856174549
audio_51.wav,3.0,3.187725656345759,3.0666713964461114
audio_704.wav,2.0,2.937776452693274,2.9322154306919543
audio_129.wav,3.5,3.4726977595894706,2.96831261516889
audio_107.wav,4.0,3.2686600382603963,3.3029237724672385
audio_143.wav,5.0,3.8546840527927033,3.8609201471794963
audio_458.wav,3.0,4.091522638858709,4.329002387963355
audio_424.wav,3.0,2.490660787619111,2.7011183901937414
audio_563.wav,2.0,2.761499939682632,2.6680150647708736
audio_625.wav,2.5,2.8970903749082386,2.8958035827312765
audio_302.wav,5.0,3.5512124773926095,4.092268590475507
audio_154.wav,3.0,2.6726210325708886,2.8959098838215125
audio_754.wav,4.0,3.9467038533254004,4.125793226056114
audio_749.wav,3.0,2.761645552952007,2.6054578797701833
audio_366.wav,5.0,4.591044126312511,4.6570211595413795
audio_693.wav,3.0,2.924259633591164,3.275015729274602
audio_608.wav,5.0,4.535789384419732,4.481626443470279
audio_220.wav,4.0,4.331175487293638,4.2273708593773724
audio_761.wav,4.0,4.097822220620431,4.031896640377466
audio_640.wav,3.0,2.903442700531216,3.000028466086885
audio_67.wav,4.0,3.3194437696042463,3.137406492628596
audio_299.wav,4.0,4.1127760461731535,3.858691607539096
audio_102.wav,2.0,3.4253389866204538,3.366616180027862
audio_258.wav,3.5,3.2659188440541254,3.1171084390760364
audio_679.wav,4.5,4.899404254516186,4.974851063629046
audio_82.wav,4.0,3.8935347031871235,3.9423312092219023
audio_325.wav,5.0,4.817324819196267,4.874279297183707
audio_399.wav,3.0,2.8865216072070243,2.8518992764914635
audio_285.wav,4.0,3.982312539484363,3.862417600174771
audio_784.wav,4.5,4.62951907574468,4.716014223495183
audio_0.wav,3.0,2.900856660335933,2.928970192314245
audio_435.wav,3.5,3.3019753650581096,3.4055909573140326
audio_91.wav,5.0,3.4694051052853334,3.528241553794834
audio_109.wav,2.0,2.40488268341896,2.4773092724139776
audio_772.wav,3.0,3.477572029014396,3.358149567001199
audio_270.wav,3.5,3.0872069675812375,3.227423606427857
audio_528.wav,2.5,2.839371800479233,2.5806579809406998
audio_441.wav,2.0,2.8326004093893133,2.72067025037864
audio_381.wav,5.0,4.716642029424553,4.6836424188600105
audio_86.wav,2.0,3.0486918282796798,2.976555169671242
audio_101.wav,4.0,3.1607350211464613,3.5688635770079054
audio_333.wav,4.5,3.653902792483044,3.8523509159975857
audio_149.wav,2.5,2.756595379451007,2.7191131641759796
audio_719.wav,3.0,3.7162320366072223,3.451749555338476
audio_638.wav,3.0,3.0359724152454177,2.989617245777156
audio_147.wav,3.0,2.944712807641484,3.0358935492263397
audio_62.wav,4.0,3.3707613086727926,3.4197349001127435
audio_763.wav,5.0,4.942051454660908,4.915714635113218
audio_498.wav,2.0,2.2003314351351517,2.3404614649570457
audio_1.wav,3.5,3.8203295043866703,3.3843568888065523
audio_304.wav,5.0,4.349468964687667,4.452655492728323
audio_347.wav,5.0,3.5359058017171576,3.947535263918097
audio_560.wav,4.0,3.7740934338429075,3.6259318460178203
audio_452.wav,3.5,2.82117260166042,2.772477450466071
audio_716.wav,4.5,4.219467209458981,4.2548193723837935
audio_473.wav,2.0,2.7227684432295844,2.7688267745174064
audio_95.wav,4.0,3.880380085458874,4.065616817634158
audio_732.wav,4.0,2.9494941286668763,3.131694384528408
audio_292.wav,5.0,4.817268739082228,4.868184970690468
audio_469.wav,2.5,2.688089471500519,2.682432159148894
audio_329.wav,2.0,2.9621730456701147,2.76690633156646
audio_169.wav,2.0,3.0870142541173586,2.835795705042249
audio_174.wav,2.5,2.9363099821898775,2.6159311932205496
audio_513.wav,2.5,2.7910702828392475,2.8566570353335945
audio_584.wav,3.0,2.560404771575576,2.7557416765865734
audio_345.wav,5.0,4.780704007303514,4.814759507683003
audio_750.wav,4.0,3.8128759978284488,3.9811715853831315
audio_116.wav,3.0,3.161437736083241,3.2891611442663526
audio_114.wav,2.5,3.064753987046658,2.91366847364599
audio_157.wav,3.0,3.221375685463454,3.409485760680205
audio_385.wav,4.5,4.514968462896738,4.601795326307976
audio_264.wav,2.5,2.7124077003063376,1.8807727730373225
audio_390.wav,5.0,4.547003678869418,4.506320387415344
audio_766.wav,4.5,3.6711233176525093,3.8844498047379883
audio_571.wav,2.0,2.63979497512281,2.4694383964710975
audio_393.wav,4.5,3.9919431328783914,4.301965249176133
audio_691.wav,4.0,3.833202727234545,4.098446205350979
