filename,label
audio_128.wav,2.654667270459931
audio_156.wav,3.649586387134462
audio_19.wav,4.214554097950785
audio_108.wav,2.3923101077544335
audio_206.wav,2.525435303907746
audio_161.wav,2.6723622478801428
audio_215.wav,2.790458595594324
audio_213.wav,2.3340182150531006
audio_11.wav,3.2878713169244373
audio_155.wav,3.604079980120182
audio_39.wav,3.313227572699779
audio_168.wav,3.0854434699893134
audio_133.wav,2.134265973718827
audio_28.wav,2.9407670994691
audio_40.wav,3.2280478311097305
audio_181.wav,2.6336489378805075
audio_201.wav,2.7941816993507884
audio_182.wav,2.989972978463586
audio_126.wav,2.4985890670228312
audio_10.wav,2.7966663652242008
audio_134.wav,2.4162182082398216
audio_69.wav,4.2218412190903525
audio_112.wav,3.2260488652895725
audio_180.wav,2.710626108612956
audio_177.wav,3.104871081870588
audio_77.wav,4.747659130458234
audio_111.wav,3.197133645935158
audio_18.wav,3.8259646895114705
audio_175.wav,4.313772063636344
audio_33.wav,3.532677882796041
audio_15.wav,2.517084872315059
audio_4.wav,3.8244581327580955
audio_27.wav,2.7231665429568004
audio_96.wav,2.605577004201745
audio_116.wav,2.78753787814193
audio_1.wav,2.554113501044951
audio_22.wav,3.528049746592432
audio_114.wav,2.5208441080533253
audio_146.wav,2.879499521963587
audio_46.wav,4.816793266385434
audio_144.wav,2.8670288665916157
audio_75.wav,4.606267547103889
audio_200.wav,3.2531332440471488
audio_196.wav,2.4521226936085747
audio_190.wav,3.5341147530016537
audio_158.wav,2.6342761891301727
audio_17.wav,2.4108840624623133
audio_105.wav,3.8911318323045143
audio_141.wav,2.6396747092974775
audio_129.wav,3.8939991688268463
audio_6.wav,3.461860869922065
audio_70.wav,5.0
audio_35.wav,3.535938460448847
audio_203.wav,3.3933834022071636
audio_90.wav,3.84468193050034
audio_16.wav,3.284335793088049
audio_138.wav,3.6155009222078998
audio_100.wav,3.0134786524450923
audio_115.wav,2.1268506783646033
audio_118.wav,3.682600324681481
audio_137.wav,3.5552610992069678
audio_101.wav,3.185434260631836
audio_193.wav,2.357638899066253
audio_102.wav,3.361494020257853
audio_52.wav,3.092667350032857
audio_172.wav,2.5605474947872895
audio_191.wav,3.0285633405594883
audio_194.wav,2.687255363630382
audio_67.wav,3.475079442567888
audio_160.wav,2.916458125442619
audio_179.wav,2.4558071591072426
audio_55.wav,3.0516853743193355
audio_145.wav,3.2276166410687384
audio_197.wav,2.770050787506508
audio_139.wav,2.9392299006507883
audio_91.wav,4.13301810610985
audio_8.wav,2.457350102693712
audio_136.wav,3.472294145146964
audio_199.wav,2.5041329813316637
audio_110.wav,3.853942808170975
audio_208.wav,2.892030555909895
audio_152.wav,4.275124883750603
audio_94.wav,3.3278071218524357
audio_174.wav,3.746365218135932
audio_23.wav,4.132437733008602
audio_56.wav,3.0387740981123814
audio_97.wav,3.0571315164726314
audio_148.wav,3.2632978452183385
audio_59.wav,3.251193814652913
audio_5.wav,2.6515550372021752
audio_119.wav,4.1176880883286575
audio_80.wav,3.4186391572834625
audio_58.wav,2.721578368432392
audio_123.wav,3.2505807088366314
audio_188.wav,2.5941123648520863
audio_121.wav,2.7277961406783335
audio_107.wav,2.448937112941433
audio_214.wav,3.718780179833824
audio_73.wav,4.829743676886703
audio_169.wav,3.8293358921260934
audio_7.wav,2.9500781013534016
audio_42.wav,3.3141642062619003
audio_88.wav,4.27768651036124
audio_64.wav,2.7562264303889243
audio_195.wav,2.706269556760498
audio_57.wav,3.272648701460994
audio_13.wav,2.817865905080855
audio_125.wav,2.812026013243851
audio_209.wav,2.9421352505191565
audio_211.wav,2.765743686657876
audio_63.wav,2.6923650683073634
audio_86.wav,4.729235227707851
audio_78.wav,4.993621269893811
audio_38.wav,3.868675540968919
audio_186.wav,2.6682640781431863
audio_154.wav,2.882209451630686
audio_21.wav,2.2558620138840744
audio_120.wav,2.733326630714375
audio_183.wav,2.3907460908307963
audio_25.wav,3.257332478753352
audio_122.wav,2.5528521071632464
audio_36.wav,4.320441118245623
audio_76.wav,5.0
audio_163.wav,2.3776415859223756
audio_83.wav,4.848669770342821
audio_103.wav,2.6165458158125756
audio_93.wav,3.9526997876405945
audio_26.wav,3.1258376688786793
audio_72.wav,4.890496472236149
audio_210.wav,2.6435440438199738
audio_104.wav,2.303609230531497
audio_81.wav,3.8474615704212254
audio_166.wav,3.3427968672721895
audio_202.wav,2.6759994832296528
audio_185.wav,2.480925142967407
audio_9.wav,2.5070608564406967
audio_207.wav,2.400358110579139
audio_127.wav,2.707279998838089
audio_12.wav,3.1282261639714797
audio_132.wav,2.5090019466723166
audio_109.wav,2.4521210461608005
audio_32.wav,3.4340658683586085
audio_178.wav,4.002831836358451
audio_61.wav,2.7661072116888286
audio_34.wav,3.8089141784417584
audio_106.wav,2.196281294479066
audio_49.wav,4.605983611978974
audio_149.wav,3.4317106975986214
audio_30.wav,3.699414080330264
audio_131.wav,2.718438601160826
audio_162.wav,2.0475095418161486
audio_204.wav,3.194842870903996
audio_198.wav,3.1125316002987105
audio_135.wav,3.710506346505216
audio_187.wav,3.286654341373482
audio_3.wav,3.33573507363485
audio_98.wav,3.7532748086500365
audio_159.wav,3.358435591081798
audio_167.wav,2.777453037138543
audio_205.wav,2.445764469157543
audio_95.wav,3.44463041668916
audio_68.wav,4.484879946889865
audio_31.wav,3.9953282608959095
audio_157.wav,2.8142621837372492
audio_89.wav,4.361119623949347
audio_82.wav,4.6409296160360105
audio_53.wav,2.768097532300424
audio_37.wav,3.9734210079864947
audio_113.wav,2.3538421377487344
audio_85.wav,4.757541770332087
audio_173.wav,4.1795397352777215
audio_41.wav,4.624320836652361
audio_51.wav,2.6303805623752825
audio_143.wav,3.469697837330654
audio_92.wav,3.7703963602678727
audio_74.wav,4.579136141798187
audio_0.wav,3.0770755404646497
audio_147.wav,3.355349421812922
audio_130.wav,2.4130569894332123
audio_192.wav,3.5419457489321977
audio_43.wav,4.822803641149534
audio_65.wav,2.7356558353476585
audio_14.wav,3.129892009312386
audio_117.wav,3.4063004479270007
audio_212.wav,2.7425684202573564
audio_79.wav,3.7746461227959234
audio_171.wav,3.073823063828222
audio_60.wav,3.010237824941098
audio_153.wav,3.650136788720621
audio_176.wav,3.0489471933228813
audio_2.wav,3.1810425753845277
audio_50.wav,4.465406790536548
audio_29.wav,3.569671881232836
audio_142.wav,3.842225124845372
audio_47.wav,2.712806980368822
audio_84.wav,4.745051550165004
audio_164.wav,2.688066006511031
audio_48.wav,4.177509180447909
audio_189.wav,2.5813864803611817
audio_151.wav,3.442887849511425
audio_66.wav,2.5428889838454665
audio_44.wav,2.867205111532743
audio_150.wav,3.52856588945079
audio_87.wav,3.9933992778860796
audio_99.wav,3.1764665455814245
audio_62.wav,3.0763080264544937
audio_20.wav,2.4895482036632903
audio_124.wav,3.436725496299521
audio_54.wav,2.8461822956259466
audio_45.wav,4.668216720012115
audio_71.wav,4.899428466586709
audio_184.wav,2.3357304136016515
audio_24.wav,1.9843539596246123
audio_140.wav,3.583490297943081
audio_165.wav,2.9135461940473952
audio_170.wav,2.3455048227413884
